record_id,merchant_id,transaction_date,value_date,description,reference_number,debit_amount_paise,credit_amount_paise,balance_paise,bank_name,account_number
banktxn_nmdh4ayfatohzek3,merch_lenskart,2026-06-06,2026-06-06,NEFT/RAZORPAY/ZINC42EI5E6OHTNA/setl_71hfe86y5r,ZINC42EI5E6OHTNA,,60786,,HDFC,XXXXXX9910
banktxn_dp3ao0ogtirzv9ci,merch_lenskart,2026-02-27,2026-02-25,NEFT/RAZORPAY/HTF4SZ63Y05FAQVU/setl_71hfe86y5r,HTF4SZ63Y05FAQVU,,34610,,HDFC,XXXXXX9910
banktxn_wvg35rh20l8gaszr,merch_bluedart,2026-03-10,2026-03-10,NEFT/RAZORPAY/0ZJ68G76Z9HIDLDG/setl_5b44fp7f25,0ZJ68G76Z9HIDLDG,,259397,,Kotak,XXXXXX5567
banktxn_ol1vkbvdmglhhz0x,merch_urbanco,2026-02-06,2026-02-06,NEFT/RAZORPAY/RBXHYUTRHKF5HSFT/setl_8fzygrpne8,RBXHYUTRHKF5HSFT,,434102,,Axis,XXXXXX1147
banktxn_mlzyotkcfoeq2kuo,merch_apollo,2026-04-25,2026-04-25,NEFT/RAZORPAY/W84HQLWH0IJV9SYU/setl_qsui2eiit4,W84HQLWH0IJV9SYU,,0,,HDFC,XXXXXX4021
banktxn_qmr3ijm6wd9ue6mz,merch_nykaa,2026-03-25,2026-03-25,NEFT/RAZORPAY/9U4555R6N8Z3ZZL7/setl_4ifhlky589,9U4555R6N8Z3ZZL7,,57055,,RazorpayX,RZPX00XXXX2201
banktxn_mw4jts23ni45wotz,merch_apollo,2026-06-27,2026-06-27,NEFT/RAZORPAY/94BVTSKK9S4USJH3/setl_qsui2eiit4,94BVTSKK9S4USJH3,,996405,,HDFC,XXXXXX4021
banktxn_894i6wyx2l8o9aba,merch_lenskart,2026-04-25,2026-04-25,NEFT/RAZORPAY/L8X5RWN1NJBDLVCE/setl_71hfe86y5r,L8X5RWN1NJBDLVCE,,71792,,HDFC,XXXXXX9910
banktxn_2kjwpyug2cim3lh7,merch_nykaa,2026-04-22,2026-04-22,NEFT/RAZORPAY/2MYLBTUB84T2IC2C/setl_4ifhlky589,2MYLBTUB84T2IC2C,,94936,,RazorpayX,RZPX00XXXX2201
banktxn_wtfdm33ivuiy06r8,merch_zomato,2026-01-20,2026-01-20,NEFT/RAZORPAY/QFAKKCAVWTVJV15P/setl_pfjnuzxmrz,QFAKKCAVWTVJV15P,,304296,,ICICI,XXXXXX8830
banktxn_j0gnf37tjapwj7in,merch_zomato,2026-03-17,2026-03-17,NEFT/RAZORPAY/K5P6B8UKF0GOFSHL/setl_pfjnuzxmrz,K5P6B8UKF0GOFSHL,,366679,,ICICI,XXXXXX8830
banktxn_i9cleofvzlgvvtam,merch_lenskart,2026-06-05,2026-06-05,NEFT/RAZORPAY/VT6UKDNKQ2E91GZQ/setl_71hfe86y5r,VT6UKDNKQ2E91GZQ,,0,,HDFC,XXXXXX9910
banktxn_1l6afxbzalzrtepb,merch_lenskart,2026-06-22,2026-06-22,NEFT/RAZORPAY/JLTDXUMU6SSK4J27/setl_71hfe86y5r,JLTDXUMU6SSK4J27,,254722,,HDFC,XXXXXX9910
banktxn_v8cozwvqvqsva51e,merch_lenskart,2026-03-27,2026-03-27,NEFT/RAZORPAY/RBVYBZAVI8BKS3M0/setl_71hfe86y5r,RBVYBZAVI8BKS3M0,,453867,,HDFC,XXXXXX9910
banktxn_cxfy1omuyvmwkohb,merch_apollo,2026-02-22,2026-02-22,NEFT/RAZORPAY/HS92FIVQZU35HO8Q/setl_qsui2eiit4,HS92FIVQZU35HO8Q,,38036300,,HDFC,XXXXXX4021
banktxn_ljk8arvkbzmeboji,merch_lenskart,2026-01-17,2026-01-17,NEFT/RAZORPAY/C8LBK31997XN4NP6/setl_71hfe86y5r,C8LBK31997XN4NP6,,252051,,HDFC,XXXXXX9910
banktxn_xn3wa4jwp8x1bcc3,merch_zomato,2026-01-28,2026-01-28,NEFT/RAZORPAY/HV6E8JSKHQ5CSDQV/setl_pfjnuzxmrz,HV6E8JSKHQ5CSDQV,,382457,,ICICI,XXXXXX8830
banktxn_u4lhkhgjc9xf3pk8,merch_apollo,2026-05-04,2026-05-04,NEFT/RAZORPAY/MTGDTJXP60WNZIJ6/setl_qsui2eiit4,MTGDTJXP60WNZIJ6,,173423,,HDFC,XXXXXX4021
banktxn_a783a6qusbom18uv,merch_apollo,2026-01-05,2026-01-05,NEFT/RAZORPAY/LMSH5NLB7PPTHOUQ/setl_qsui2eiit4,LMSH5NLB7PPTHOUQ,,167591,,HDFC,XXXXXX4021
banktxn_0faw8sab9um2eve4,merch_apollo,2026-06-05,2026-06-05,NEFT/RAZORPAY/YYU9NPEI8TWW5PNW/setl_qsui2eiit4,YYU9NPEI8TWW5PNW,,1395119,,HDFC,XXXXXX4021
banktxn_a8w293agbxp1i5ds,merch_urbanco,2026-05-31,2026-05-31,NEFT/RAZORPAY/N7EQL7UUUDAQ1F28/setl_8fzygrpne8,N7EQL7UUUDAQ1F28,,29687,,Axis,XXXXXX1147
banktxn_0odkqn69rggyrnhp,merch_bluedart,2026-01-07,2026-01-07,NEFT/RAZORPAY/R8GUE5IYQGC00X7X/setl_5b44fp7f25,R8GUE5IYQGC00X7X,,135435,,Kotak,XXXXXX5567
banktxn_p664uz31px56g95o,merch_urbanco,2026-06-24,2026-06-24,NEFT/RAZORPAY/PHSNXSQAB18FG5DA/setl_8fzygrpne8,PHSNXSQAB18FG5DA,,136657,,Axis,XXXXXX1147
banktxn_wob1nfk4yocxvz9i,merch_apollo,2026-03-29,2026-03-29,NEFT/RAZORPAY/MKTHZA4X9SIGYNT0/setl_qsui2eiit4,MKTHZA4X9SIGYNT0,,180708,,HDFC,XXXXXX4021
banktxn_jlsy8d8yc8jx8r9a,merch_lenskart,2026-01-28,2026-01-28,NEFT/RAZORPAY/1ZHE9LP85OXEQF9R/setl_71hfe86y5r,1ZHE9LP85OXEQF9R,,1349079,,HDFC,XXXXXX9910
banktxn_fnsjdxjb7n2c5sw1,merch_apollo,2026-06-02,2026-06-02,NEFT/RAZORPAY/H1LOYAOB7JK2HQ5V/setl_qsui2eiit4,H1LOYAOB7JK2HQ5V,,102426,,HDFC,XXXXXX4021
banktxn_s381u36o35rpbsmj,merch_zomato,2026-05-15,2026-05-15,NEFT/RAZORPAY/W6DYMZKH9IFA4JLY/setl_pfjnuzxmrz,W6DYMZKH9IFA4JLY,,38073,,ICICI,XXXXXX8830
banktxn_9vr858qtrbtwrzso,merch_lenskart,2026-06-26,2026-06-26,NEFT/RAZORPAY/DBU8CZONQ9I88041/setl_71hfe86y5r,DBU8CZONQ9I88041,,23837,,HDFC,XXXXXX9910
banktxn_6ta467ve4crlpk7y,merch_zomato,2026-06-28,2026-06-28,NEFT/RAZORPAY/Y9E429V1U2F80B3J/setl_pfjnuzxmrz,Y9E429V1U2F80B3J,,140349,,ICICI,XXXXXX8830
banktxn_nbz4zd8lfy7udekm,merch_lenskart,2026-05-25,2026-05-25,NEFT/RAZORPAY/RHYD5L3WN37ONT2N/setl_71hfe86y5r,RHYD5L3WN37ONT2N,,155560,,HDFC,XXXXXX9910
banktxn_tj8jageuni39mita,merch_apollo,2026-03-18,2026-03-18,NEFT/RAZORPAY/S1IC41EXLQLKVXZS/setl_qsui2eiit4,S1IC41EXLQLKVXZS,,257150,,HDFC,XXXXXX4021
banktxn_k9j64xvtcivvwgyl,merch_apollo,2026-04-14,2026-04-14,NEFT/RAZORPAY/T67GVVE81634V1BO/setl_qsui2eiit4,T67GVVE81634V1BX,,528129,,HDFC,XXXXXX4021
banktxn_7la1yk2trwqh1u1k,merch_apollo,2026-07-02,2026-07-02,NEFT/RAZORPAY/LO6RMMQM3FFFJ54J/setl_qsui2eiit4,LO6RMMQM3FFFJ54J,,800243,,HDFC,XXXXXX4021
banktxn_pn8z2bgawvlt85kx,merch_lenskart,2026-03-12,2026-03-12,NEFT/RAZORPAY/G46Z33LFUM20GWOJ/setl_71hfe86y5r,G46Z33LFUM20GWOJ,,86638,,HDFC,XXXXXX9910
banktxn_fv6l1i7pn6k915tu,merch_urbanco,2026-03-25,2026-03-25,NEFT/RAZORPAY/97M5DIBAWHD0XBQ4/setl_8fzygrpne8,97M5DIBAWHD0XBQ4,,366830,,Axis,XXXXXX1147
banktxn_5itr5uj98jfxri3z,merch_apollo,2026-01-25,2026-01-25,NEFT/RAZORPAY/5RNBRR52WLTE9VXX/setl_cah81ghzb2,5RNBRR52WLTE9VXX,,225887,,HDFC,XXXXXX4021
banktxn_og576yai9bg59jqa,merch_lenskart,2026-04-16,2026-04-16,NEFT/RAZORPAY/FS5YKP2V1LRBQ1XK/setl_71hfe86y5r,FS5YKP2V1LRBQ1XK,,1138055,,HDFC,XXXXXX9910
banktxn_p7hwvazcb4848gex,merch_zomato,2026-06-29,2026-06-29,NEFT/RAZORPAY/1HMC5JEEVN2HVD0C/setl_pfjnuzxmrz,1HMC5JEEVN2HVD0C,,0,,ICICI,XXXXXX8830
banktxn_7532ok483s3jr463,merch_nykaa,2026-04-05,2026-04-05,NEFT/RAZORPAY/1LGF6UFL3LXF4S6S/setl_4ifhlky589,1LGF6UFL3LXF4S6S,,362407,,RazorpayX,RZPX00XXXX2201
banktxn_yonkrf2cyi9kf3h8,merch_nykaa,2026-01-20,2026-01-20,NEFT/RAZORPAY/LDJTFNNAXR4798CC/setl_4ifhlky589,LDJTFNNAXR4798CC,,880183,,RazorpayX,RZPX00XXXX2201
banktxn_4m5iwwy5he674n2y,merch_nykaa,2026-05-06,2026-05-06,NEFT/RAZORPAY/LRSTRQNVKHO1BSEG/setl_4ifhlky589,LRSTRQNVKHO1BSEG,,454523,,RazorpayX,RZPX00XXXX2201
banktxn_p2fahyi4dvqz7n46,merch_urbanco,2026-01-31,2026-01-31,NEFT/RAZORPAY/25ITMJPBQFBRTOB6/setl_t69rq553r8,25ITMJPBQFBRTOB6,,142345,,Axis,XXXXXX1147
banktxn_av064qxqirabnb8c,merch_apollo,2026-05-08,2026-05-08,NEFT/RAZORPAY/GJWYOJQ56M9HDPJ0/setl_cah81ghzb2,GJWYOJQ56M9HDPJ0,,388584,,HDFC,XXXXXX4021
banktxn_wqc0k1n2ksevp5mr,merch_nykaa,2026-01-23,2026-01-23,NEFT/RAZORPAY/3ML60TP817XHFNSU/setl_4ifhlky589,3ML60TP817XHFNSU,,180485,,RazorpayX,RZPX00XXXX2201
banktxn_0n69ora36mub37wl,merch_bluedart,2026-02-26,2026-02-26,NEFT/RAZORPAY/P68K3JTA8SUI9DDC/setl_5b44fp7f25,P68K3JTA8SUI9DDC,,396383,,Kotak,XXXXXX5567
banktxn_sk728da5zg257wjn,merch_lenskart,2026-05-01,2026-05-01,NEFT/RAZORPAY/1PZYXV4XY7D7BB0Z/setl_feoxkbs04v,1PZYXV4XY7D7BB0Z,,258152,,HDFC,XXXXXX9910
banktxn_4h7y7zq4l5nlh9eh,merch_nykaa,2026-04-03,2026-04-03,NEFT/RAZORPAY/SETTLEMENT CREDIT,,,4969883,,RazorpayX,RZPX00XXXX2201
banktxn_7v09geupnjnrbyh6,merch_apollo,2026-01-16,2026-01-16,NEFT/RAZORPAY/60MBPM06RVC5XW9Q/setl_cah81ghzb2,60MBPM06RVC5XW9Q,,56270,,HDFC,XXXXXX4021
banktxn_ljucy928cqzgzmns,merch_lenskart,2026-04-01,2026-04-01,NEFT/RAZORPAY/NFHDO56872CCS64Y/setl_feoxkbs04v,NFHDO56872CCS64Y,,51216,,HDFC,XXXXXX9910
banktxn_k5zg8qik30mehbg1,merch_bluedart,2026-05-24,2026-05-24,NEFT/RAZORPAY/YFI29H8H3FDY70MN/setl_5b44fp7f25,YFI29H8H3FDY70MN,,651760,,Kotak,XXXXXX5567
banktxn_6lqw6w91ou2ia9t5,merch_zomato,2026-04-15,2026-04-15,NEFT/RAZORPAY/U23K5J0MIPWCKPM8/setl_pfjnuzxmrz,U23K5J0MIPWCKPM8,,154791,,ICICI,XXXXXX8830
banktxn_jacmquuyarmo0zc4,merch_apollo,2026-03-30,2026-03-30,NEFT/RAZORPAY/94HP5JSQXDGB35RL/setl_cah81ghzb2,94HP5JSQXDGB35RL,,70407,,HDFC,XXXXXX4021
banktxn_ri65651q6vy6sw2i,merch_lenskart,2026-02-04,2026-02-04,NEFT/RAZORPAY/YRXL7BTRNBZAYROI/setl_feoxkbs04v,YRXL7BTRNBZAYROI,,49233,,HDFC,XXXXXX9910
banktxn_k8e58hhuc5mzitvr,merch_bluedart,2026-02-17,2026-02-17,NEFT/RAZORPAY/AXG7C1Y1XW9DN7D1/setl_5b44fp7f25,AXG7C1Y1XW9DN7D1,,66575,,Kotak,XXXXXX5567
banktxn_dxd6zh4qrkkcc3vv,merch_lenskart,2026-02-27,2026-02-27,NEFT/RAZORPAY/N9K70K0LDTKEZ4OI/setl_feoxkbs04v,N9K70K0LDTKEZ4OI,,693149,,HDFC,XXXXXX9910
banktxn_3g273j4gloha8t78,merch_lenskart,2026-04-30,2026-04-30,NEFT/RAZORPAY/61E3086KREA5CNY0/setl_feoxkbs04v,61E3086KREA5CNY0,,206982,,HDFC,XXXXXX9910
banktxn_4a0mu0vfu721iexw,merch_nykaa,2026-01-30,2026-01-30,NEFT/RAZORPAY/FAK4ABLT90URL1BG/setl_rcicpbhxvx,FAK4ABLT90URL1BG,,519025,,RazorpayX,RZPX00XXXX2201
banktxn_gs7r91b9fawycuui,merch_bluedart,2026-03-28,2026-03-28,NEFT/RAZORPAY/FD6U1WSP37JPUBFY/setl_5b44fp7f25,FD6U1WSP37JPUBFY,,1228122,,Kotak,XXXXXX5567
banktxn_clr3fe50eqy20f34,merch_apollo,2026-06-20,2026-06-20,NEFT/RAZORPAY/1ZU3OO8RRZ87S7NM/setl_cah81ghzb2,1ZU3OO8RRZ87S7NM,,0,,HDFC,XXXXXX4021
banktxn_1ndirsx8ti77srvg,merch_lenskart,2026-05-28,2026-05-28,NEFT/RAZORPAY/6EH96DZWA12YYC0V/setl_feoxkbs04v,6EH96DZWA12YYC0V,,93724,,HDFC,XXXXXX9910
banktxn_eianlqdzf021x6wp,merch_nykaa,2026-02-26,2026-02-26,NEFT/RAZORPAY/1O5LMZ43XDNYCAYP/setl_rcicpbhxvx,1O5LMZ43XDNYCAYP,,46943,,RazorpayX,RZPX00XXXX2201
banktxn_1pesnu6jl956zadv,merch_nykaa,2026-01-23,2026-01-23,NEFT/RAZORPAY/ZHUIYWFO1VPNY6SE/setl_rcicpbhxvx,ZHUIYWFO1VPNY6SE,,356276,,RazorpayX,RZPX00XXXX2201
banktxn_na9ixdnxgutdl8ax,merch_urbanco,2026-03-11,2026-03-11,NEFT/RAZORPAY/VAXV8ZQP0I7RIHXK/setl_t69rq553r8,VAXV8ZQP0I7RIHXK,,859855,,Axis,XXXXXX1147
banktxn_q1skj27m2ypfb5y6,merch_nykaa,2026-04-21,2026-04-21,NEFT/RAZORPAY/7VTN3NGRLI1YHBIM/setl_rcicpbhxvx,7VTN3NGRLI1YHBIM,,472263,,RazorpayX,RZPX00XXXX2201
banktxn_y1su3ip2npwsr769,merch_bluedart,2026-01-25,2026-01-25,NEFT/RAZORPAY/LAFT402QXUO4QGY7/setl_5b44fp7f25,LAFT402QXUO4QGY7,,236888,,Kotak,XXXXXX5567
banktxn_08x98u23dinqaqbb,merch_nykaa,2026-02-08,2026-02-08,NEFT/RAZORPAY/NJ4RJE5OU1HK29FB/setl_rcicpbhxvx,NJ4RJE5OU1HK29FB,,67979,,RazorpayX,RZPX00XXXX2201
banktxn_7ji6mbxa6vc9ltzo,merch_zomato,2026-02-19,2026-02-19,NEFT/RAZORPAY/BYDM69NBSBW9S12Y/setl_n2p6lw4hzy,BYDM69NBSBW9S12X,,841901,,ICICI,XXXXXX8830
banktxn_vdqv0jaljr78xiln,merch_bluedart,2026-02-08,2026-02-08,NEFT/RAZORPAY/VVRRAV3M64KUI9FX/setl_cea2mqttkp,VVRRAV3M64KUI9FX,,536503,,Kotak,XXXXXX5567
banktxn_hh1u49d4po12vrtq,merch_urbanco,2026-05-08,2026-05-08,NEFT/RAZORPAY/7J9GTD71UB075FTZ/setl_t69rq553r8,7J9GTD71UB075FTZ,,70799,,Axis,XXXXXX1147
banktxn_nyzkdtxb7ifdlbvn,merch_apollo,2026-04-07,2026-04-07,NEFT/RAZORPAY/KFCMJCLXQHGRC8IC/setl_cah81ghzb2,KFCMJCLXQHGRC8IX,,23633,,HDFC,XXXXXX4021
banktxn_f96in3mtor4imwzu,merch_lenskart,2026-04-16,2026-04-16,NEFT/RAZORPAY/F91ESGVPTTNDT8Q3/setl_jrosde65qs,F91ESGVPTTNDT8Q3,,82574,,HDFC,XXXXXX9910
banktxn_gd04a2gu4etav75t,merch_lenskart,2026-06-13,2026-06-13,NEFT/RAZORPAY/OHPE22J08CQCQ9RZ/setl_jrosde65qs,OHPE22J08CQCQ9RZ,,27836,,HDFC,XXXXXX9910
banktxn_vvpdprfifalako56,merch_bluedart,2026-04-23,2026-04-23,NEFT/RAZORPAY/U4K3RPR9QU1LN7JF/setl_cea2mqttkp,U4K3RPR9QU1LN7JF,,10410,,Kotak,XXXXXX5567
banktxn_9lwhxpxcr2tziyt2,merch_nykaa,2026-03-31,2026-03-31,NEFT/RAZORPAY/HCBQ20NLNL06UWCD/setl_rcicpbhxvx,HCBQ20NLNL06UWCD,,111572,,RazorpayX,RZPX00XXXX2201
banktxn_qardan6ijyz44970,merch_urbanco,2026-04-13,2026-04-13,NEFT/RAZORPAY/BYC0R5LFU168GAIG/setl_jzsdq6081w,BYC0R5LFU168GAIG,,403696,,Axis,XXXXXX1147
banktxn_lq0kt586xz78uvzz,merch_nykaa,2026-01-25,2026-01-25,NEFT/RAZORPAY/EVZTOKNC22SC0M1N/setl_rcicpbhxvx,EVZTOKNC22SC0M1N,,107305,,RazorpayX,RZPX00XXXX2201
banktxn_s997nkqoxhsc9dom,merch_apollo,2026-02-20,2026-02-20,NEFT/RAZORPAY/F24P8DH70D70Q6LD/setl_cah81ghzb2,F24P8DH70D70Q6LD,,473895,,HDFC,XXXXXX4021
banktxn_igfzxbvx091kzql0,merch_apollo,2026-01-30,2026-01-30,NEFT/RAZORPAY/W97HNXG6HXJP146F/setl_cah81ghzb2,W97HNXG6HXJP146F,,188431,,HDFC,XXXXXX4021
banktxn_n319mko7wiiga5y9,merch_zomato,2026-05-19,2026-05-19,NEFT/RAZORPAY/1201115KA55CU6SY/setl_n2p6lw4hzy,1201115KA55CU6SY,,199241,,ICICI,XXXXXX8830
banktxn_t5xi9ynof9l6i1wj,merch_bluedart,2026-05-16,2026-05-16,NEFT/RAZORPAY/3WN4IIB1SGAPQOIZ/setl_cea2mqttkp,3WN4IIB1SGAPQOIZ,,69489,,Kotak,XXXXXX5567
banktxn_z5vuo3a4g1pxyg4c,merch_bluedart,2026-01-22,2026-01-22,NEFT/RAZORPAY/1VSSIPA3S8PQ88M1/setl_cea2mqttkp,1VSSIPA3S8PQ88M1,,539056,,Kotak,XXXXXX5567
banktxn_9tvwab40a5vyb6cg,merch_nykaa,2026-06-05,2026-06-05,NEFT/RAZORPAY/W26RHI3FSDG6PUY6/setl_rcicpbhxvx,W26RHI3FSDG6PUY6,,81792,,RazorpayX,RZPX00XXXX2201
banktxn_b48kpt2zyhfryiy1,merch_apollo,2026-03-24,2026-03-24,NEFT/RAZORPAY/MKA5PN0LYS6GP94X/setl_cah81ghzb2,MKA5PN0LYS6GP94X,,21963,,HDFC,XXXXXX4021
banktxn_2gzvtxwwsmdnwmbf,merch_urbanco,2026-05-08,2026-05-08,NEFT/RAZORPAY/8ZXF89168NP3ZCB2/setl_jzsdq6081w,8ZXF89168NP3ZCB2,,134356,,Axis,XXXXXX1147
banktxn_80wehypywe2r8gpu,merch_nykaa,2026-02-16,2026-02-16,NEFT/RAZORPAY/4S09ZL6O9AMFQHYY/setl_rcicpbhxvx,4S09ZL6O9AMFQHYY,,1803146,,RazorpayX,RZPX00XXXX2201
banktxn_o30y06uxpuvz8c5b,merch_bluedart,2026-04-16,2026-04-16,NEFT/RAZORPAY/8K4O165BH65NWGYX/setl_cea2mqttkp,8K4O165BH65NWGYX,,56779200,,Kotak,XXXXXX5567
banktxn_70z5icno5i3fzikf,merch_urbanco,2026-05-24,2026-05-24,NEFT/RAZORPAY/B014XOTRO721WZUO/setl_jzsdq6081w,B014XOTRO721WZUO,,69861,,Axis,XXXXXX1147
banktxn_p8rhba9ulw4s3gnh,merch_bluedart,2026-05-29,2026-05-29,NEFT/RAZORPAY/VTI58VIOB46YZ9H5/setl_cea2mqttkp,VTI58VIOB46YZ9H5,,0,,Kotak,XXXXXX5567
banktxn_z357n0bt65kbr52n,merch_bluedart,2026-01-02,2026-01-02,NEFT/RAZORPAY/AGSF58Q4OYN0U43M/setl_cea2mqttkp,AGSF58Q4OYN0U43M,,554629,,Kotak,XXXXXX5567
banktxn_6ozx23lfuyd4zo9w,merch_lenskart,2026-01-22,2026-01-22,NEFT/RAZORPAY/R67WRDYNLZZ5KTUA/setl_jrosde65qs,R67WRDYNLZZ5KTUA,,103470,,HDFC,XXXXXX9910
banktxn_ql3qgpc03mesttmp,merch_apollo,2026-05-20,2026-05-20,NEFT/RAZORPAY/9E88SVM86FNC28W5/setl_cah81ghzb2,9E88SVM86FNC28W5,,237748,,HDFC,XXXXXX4021
banktxn_79p6mzezzb5vrgyg,merch_urbanco,2026-06-19,2026-06-19,NEFT/RAZORPAY/ZT2WBOV7WACO260V/setl_jzsdq6081w,ZT2WBOV7WACO260V,,10156,,Axis,XXXXXX1147
banktxn_p3wipeuno4khu2nk,merch_zomato,2026-06-06,2026-06-06,NEFT/RAZORPAY/F0VKEZJ7ZK904EOB/setl_n2p6lw4hzy,F0VKEZJ7ZK904EOB,,185500,,ICICI,XXXXXX8830
banktxn_qd61jesqwpy12zk9,merch_apollo,2026-04-13,2026-04-13,NEFT/RAZORPAY/SETTLEMENT CREDIT,,,555965,,HDFC,XXXXXX4021
banktxn_umkf3bhnd35bezgv,merch_urbanco,2026-05-21,2026-05-21,NEFT/RAZORPAY/1ECGQTS47RTN0SR9/setl_jzsdq6081w,1ECGQTS47RTN0SR9,,116191,,Axis,XXXXXX1147
banktxn_l6cd6ey22hyea45b,merch_zomato,2026-02-16,2026-02-16,NEFT/RAZORPAY/FT9QBIB2RO4LGW1Z/setl_n2p6lw4hzy,FT9QBIB2RO4LGW1Z,,175477,,ICICI,XXXXXX8830
banktxn_walkehr0sj81shu9,merch_urbanco,2026-06-18,2026-06-18,NEFT/RAZORPAY/19PONPYOAM68KSDJ/setl_jzsdq6081w,19PONPYOAM68KSDJ,,166761,,Axis,XXXXXX1147
banktxn_31ybhygmx6e0zyzc,merch_lenskart,2026-06-09,2026-06-09,NEFT/RAZORPAY/WP0KA72AP8T2PPIZ/setl_jrosde65qs,WP0KA72AP8T2PPIZ,,81042,,HDFC,XXXXXX9910
banktxn_ybz4mbuyuc0izrbk,merch_lenskart,2026-04-27,2026-04-27,NEFT/RAZORPAY/C7XDQ54CFXBR2WUW/setl_jrosde65qs,C7XDQ54CFXBR2WUW,,117086,,HDFC,XXXXXX9910
banktxn_zrrden5kwy1t0kc8,merch_zomato,2026-04-28,2026-04-28,NEFT/RAZORPAY/FVY5HL01A6ST3NK9/setl_n2p6lw4hzy,FVY5HL01A6ST3NK9,,113876,,ICICI,XXXXXX8830
banktxn_09ypsa3922lfpq84,merch_zomato,2026-05-06,2026-05-06,NEFT/RAZORPAY/Q66Y32CJOXR6OD3U/setl_n2p6lw4hzy,Q66Y32CJOXR6OD3U,,242134,,ICICI,XXXXXX8830
banktxn_g1wesz572vi85rj2,merch_apollo,2026-06-18,2026-06-18,NEFT/RAZORPAY/UZRWQ8DTO30WXHJT/setl_4m1mvohiti,UZRWQ8DTO30WXHJT,,49926,,HDFC,XXXXXX4021
banktxn_98ewsi09p92xmw4v,merch_apollo,2026-01-28,2026-01-28,NEFT/RAZORPAY/HPRS9363Z8H18Y5W/setl_4m1mvohiti,HPRS9363Z8H18Y5W,,68471,,HDFC,XXXXXX4021
banktxn_5bf17p3jxr0fv96w,merch_zomato,2026-03-17,2026-03-17,NEFT/RAZORPAY/1PPG1M662B5ANJCH/setl_n2p6lw4hzy,1PPG1M662B5ANJCH,,92673,,ICICI,XXXXXX8830
banktxn_q6r1zw7u98coguv7,merch_urbanco,2026-05-10,2026-05-10,NEFT/RAZORPAY/71UAZXSX0U8T3ET7/setl_jzsdq6081w,71UAZXSX0U8T3ET7,,21336,,Axis,XXXXXX1147
banktxn_u0dcn2xgaid7ye8i,merch_urbanco,2026-04-06,2026-04-06,NEFT/RAZORPAY/4R7FN95K37QJ9O40/setl_jzsdq6081w,4R7FN95K37QJ9O40,,622852,,Axis,XXXXXX1147
banktxn_qp0gl3nrcb4ui21e,merch_bluedart,2026-02-15,2026-02-15,NEFT/RAZORPAY/5AAFH5IB00QPAS28/setl_cea2mqttkp,5AAFH5IB00QPAS28,,162463,,Kotak,XXXXXX5567
banktxn_r2optxqi48njvb83,merch_apollo,2026-04-15,2026-04-15,NEFT/RAZORPAY/Y97MSVFXNHPQ9C8E/setl_4m1mvohiti,Y97MSVFXNHPQ9C8E,,1283324,,HDFC,XXXXXX4021
banktxn_3tp94je2i4dj71dx,merch_nykaa,2026-02-20,2026-02-20,NEFT/RAZORPAY/F6KCXC598P0104IJ/setl_g5wjzkie9x,F6KCXC598P0104IJ,,225122,,RazorpayX,RZPX00XXXX2201
banktxn_e4cukp603vvvca4v,merch_lenskart,2026-06-17,2026-06-17,NEFT/RAZORPAY/6XRLU9I0JFJVG7AK/setl_jrosde65qs,IDQ04P5RWUOE1VCT,,620454,,HDFC,XXXXXX9910
banktxn_hpnf7p3vu03i0f0j,merch_zomato,2026-05-08,2026-05-08,NEFT/RAZORPAY/CG24ZMW0MMY56KSG/setl_dt2cjbijhs,CG24ZMW0MMY56KSG,,500450,,ICICI,XXXXXX8830
banktxn_0dzn3fo2lkawj8i5,merch_apollo,2026-01-05,2026-01-05,NEFT/RAZORPAY/VSTTDD4QW2PPJU1S/setl_4m1mvohiti,VSTTDD4QW2PPJU1S,,282636,,HDFC,XXXXXX4021
banktxn_azy46lizleg104bs,merch_nykaa,2026-01-04,2026-01-04,NEFT/RAZORPAY/0ID9QRID88EGO686/setl_g5wjzkie9x,P792GQLJKOKROEOD,,12674,,RazorpayX,RZPX00XXXX2201
banktxn_y39q5op806qkmksw,merch_nykaa,2026-05-14,2026-05-14,NEFT/RAZORPAY/KWRSHOCYF0S9CP73/setl_g5wjzkie9x,KWRSHOCYF0S9CP73,,272409,,RazorpayX,RZPX00XXXX2201
banktxn_7sw19aeu32rkhys3,merch_zomato,2026-04-05,2026-04-05,NEFT/RAZORPAY/9ONLJQZ1Q9F8T9EU/setl_dt2cjbijhs,9ONLJQZ1Q9F8T9EU,,101593,,ICICI,XXXXXX8830
banktxn_o273t8eu9z9ozeeh,merch_bluedart,2026-01-17,2026-01-17,NEFT/RAZORPAY/L5ZY69YXO6W81V0P/setl_x4yy2sdtw4,L5ZY69YXO6W81V0P,,30766,,Kotak,XXXXXX5567
banktxn_8kpfhb2888ehy24d,merch_zomato,2026-05-07,2026-05-07,NEFT/RAZORPAY/OB7ZCQOST7OQQR40/setl_dt2cjbijhs,OB7ZCQOST7OQQR40,,319177,,ICICI,XXXXXX8830
banktxn_no816247dgyjde6c,merch_lenskart,2026-02-20,2026-02-20,NEFT/RAZORPAY/FDX9888H22KE8BB3/setl_jrosde65qs,FDX9888H22KE8BB3,,146833,,HDFC,XXXXXX9910
banktxn_vdu8o3ua06hyruz1,merch_urbanco,2026-02-09,2026-02-09,NEFT/RAZORPAY/4Q6MEW56PWCT51F1/setl_b6r0dbb1bq,4Q6MEW56PWCT51F1,,8840,,Axis,XXXXXX1147
banktxn_o35ku65v7d86j18j,merch_urbanco,2026-03-16,2026-03-16,NEFT/RAZORPAY/ZG93DKC4R3U6V6DY/setl_b6r0dbb1bq,ZG93DKC4R3U6V6DY,,43469,,Axis,XXXXXX1147
banktxn_77ma8e9z9bbz9i0y,merch_zomato,2026-04-11,2026-04-11,NEFT/RAZORPAY/QQY3H6V8Y90UQACW/setl_dt2cjbijhs,QQY3H6V8Y90UQACW,,422483,,ICICI,XXXXXX8830
banktxn_uzqti8z2b5wze1oe,merch_lenskart,2026-02-01,2026-02-01,NEFT/RAZORPAY/141J6ILFJ4L8W6GI/setl_jk8v4druwn,141J6ILFJ4L8W6GI,,53255,,HDFC,XXXXXX9910
banktxn_4jz38me1whcupapi,merch_zomato,2026-03-25,2026-03-25,NEFT/RAZORPAY/ESHNS25PK9SQ5EQZ/setl_dt2cjbijhs,ESHNS25PK9SQ5EQZ,,110262,,ICICI,XXXXXX8830
banktxn_imd8e5otty4ilois,merch_urbanco,2026-01-14,2026-01-14,NEFT/RAZORPAY/9BLOHV4WNMJ0S9E0/setl_b6r0dbb1bq,9BLOHV4WNMJ0S9E0,,91672,,Axis,XXXXXX1147
banktxn_swiraahin71jq8k0,merch_nykaa,2026-03-10,2026-03-10,NEFT/RAZORPAY/VBHKMEFVNPKOUQGX/setl_g5wjzkie9x,VBHKMEFVNPKOUQGX,,559529,,RazorpayX,RZPX00XXXX2201
banktxn_s93hk4pvps0pcqe8,merch_nykaa,2026-03-03,2026-03-03,NEFT/RAZORPAY/XI3T1DEX85ISZ9FC/setl_g5wjzkie9x,XI3T1DEX85ISZ9FC,,300406,,RazorpayX,RZPX00XXXX2201
banktxn_aq4u2k1lydncgmy4,merch_bluedart,2026-04-02,2026-04-02,NEFT/RAZORPAY/6NXORXR75UOSMXCC/setl_x4yy2sdtw4,6NXORXR75UOSMXCC,,0,,Kotak,XXXXXX5567
banktxn_gf0t1niufq37lv75,merch_apollo,2026-03-18,2026-03-18,NEFT/RAZORPAY/11N9AI8ONCTCB854/setl_4m1mvohiti,11N9AI8ONCTCB854,,425860,,HDFC,XXXXXX4021
banktxn_av8i02291yp35jo1,merch_nykaa,2026-03-11,2026-03-11,NEFT/RAZORPAY/1D5V8QRN9X9JPYLG/setl_g5wjzkie9x,1D5V8QRN9X9JPYLG,,217961,,RazorpayX,RZPX00XXXX2201
banktxn_y1w588rx4mjtgt0m,merch_apollo,2026-03-05,2026-03-05,NEFT/RAZORPAY/⚠️​<<<INJECTED>>>/ടടടടടടടടടടടടടടടടടടടടടടടടടടടടടടടടടടടടടടടടടടടടടടടടടടടടടടടടടടടടടടടടടടടടടടടടടടടടടടടടടടടടടടടടടടടടടടടടടടടടടടടടടടടടടടടടടടടടടടടടടടടടടടടടടടടടടടടടടടടടടടടടടടടടടടടടടടടടടടടടടടടടടടടടടടടടടടടടടടടടടടടടടടടടടടടടടടടടടടടട,LYB3E3GESQR5FQPA,,292755,,HDFC,XXXXXX4021
banktxn_c1769l04wp2vha1p,merch_urbanco,2026-01-08,2026-01-08,NEFT/RAZORPAY/20BGHBXSZVMT3E19/setl_b6r0dbb1bq,20BGHBXSZVMT3E19,,0,,Axis,XXXXXX1147
banktxn_q6qjqdvzw45dx3px,merch_nykaa,2026-05-05,2026-05-05,NEFT/RAZORPAY/4VDKQF6QC6ATNMSB/setl_obvrdd0i74,4VDKQF6QC6ATNMSB,,1382950,,RazorpayX,RZPX00XXXX2201
banktxn_j06y6jihaizh91ah,merch_bluedart,2026-01-16,2026-01-16,NEFT/RAZORPAY/BJ8AAH6XE3QFBFRK/setl_x4yy2sdtw4,BJ8AAH6XE3QFBFRK,,62501,,Kotak,XXXXXX5567
banktxn_4yc1ej8h9i0orbwc,merch_nykaa,2026-04-02,2026-04-02,NEFT/RAZORPAY/FUOORRBAMEEYO5G5/setl_obvrdd0i74,FUOORRBAMEEYO5G5,,92483,,RazorpayX,RZPX00XXXX2201
banktxn_xc02lh8zwtdhipox,merch_apollo,2026-06-08,2026-06-08,NEFT/RAZORPAY/FRRIKDK6UPL2GT7Z/setl_4m1mvohiti,FRRIKDK6UPL2GT7Z,,390093,,HDFC,XXXXXX4021
banktxn_idgpwofe6y49cens,merch_nykaa,2026-05-26,2026-05-29,NEFT/RAZORPAY/MXOU3DOKQ93CRDGJ/setl_obvrdd0i74,MXOU3DOKQ93CRDGJ,,41059,,RazorpayX,RZPX00XXXX2201
banktxn_j54kudd3322h2qnp,merch_nykaa,2026-03-06,2026-03-06,NEFT/RAZORPAY/ZUI1G91UQTM5JSMC/setl_obvrdd0i74,ZUI1G91UQTM5JSMC,,147124,,RazorpayX,RZPX00XXXX2201
banktxn_895vmpaoo91xchv5,merch_nykaa,2026-04-17,2026-04-17,NEFT/RAZORPAY/OO513X8AG87PY9QW/setl_obvrdd0i74,OO513X8AG87PY9QW,,1497549,,RazorpayX,RZPX00XXXX2201
banktxn_zgwxpxqlo9anybax,merch_bluedart,2026-04-11,2026-04-11,NEFT/RAZORPAY/S8ZFM5QUD3LE8PV0/setl_x4yy2sdtw4,S8ZFM5QUD3LE8PV0,,322676,,Kotak,XXXXXX5567
banktxn_enrnz9o1wblbqfug,merch_zomato,2026-06-24,2026-06-24,NEFT/RAZORPAY/ERPEKUQS4HX1C03T/setl_dt2cjbijhs,ERPEKUQS4HX1C03T,,170750,,ICICI,XXXXXX8830
banktxn_yhv5go8a14gxfcfk,merch_urbanco,2026-01-30,2026-01-30,NEFT/RAZORPAY/CW1L93DZY6DSRWJ6/setl_b6r0dbb1bq,CW1L93DZY6DSRWJ6,,350088,,Axis,XXXXXX1147
banktxn_0ganmj9x0kfsqj8n,merch_zomato,2026-02-27,2026-02-27,NEFT/RAZORPAY/32OGGXZLIYULF67X/setl_dt2cjbijhs,32OGGXZLIYULF67X,,14778,,ICICI,XXXXXX8830
banktxn_xh8edlxhsjaayfkq,merch_nykaa,2026-01-10,2026-01-10,NEFT/RAZORPAY/F67TBBPJ4GVLQ004/setl_obvrdd0i74,F67TBBPJ4GVLQ004,,60794,,RazorpayX,RZPX00XXXX2201
banktxn_d2hp7ofzx7qwuym5,merch_lenskart,2026-04-05,2026-04-05,NEFT/RAZORPAY/625IQ63D9VWXWZ6Y/setl_jk8v4druwn,625IQ63D9VWXWZ6Y,,384011,,HDFC,XXXXXX9910
banktxn_qpr2y7bd8vxzihv2,merch_bluedart,2026-03-13,2026-03-13,NEFT/RAZORPAY/S6BN5NX2G6XAW0L4/setl_x4yy2sdtw4,S6BN5NX2G6XAW0L4,,271830,,Kotak,XXXXXX5567
banktxn_i42eg5h5c4x67z6j,merch_urbanco,2026-03-08,2026-03-08,NEFT/RAZORPAY/GT5W768KO9JVQZZD/setl_b6r0dbb1bq,GT5W768KO9JVQZZD,,59389,,Axis,XXXXXX1147
banktxn_hii5mlrsheeexjql,merch_nykaa,2026-03-18,2026-03-18,NEFT/RAZORPAY/C2SX674S6R32H1A5/setl_obvrdd0i74,C2SX674S6R32H1A5,,44450,,RazorpayX,RZPX00XXXX2201
banktxn_49gsh544udpt0dxr,merch_urbanco,2026-06-29,2026-06-29,NEFT/RAZORPAY/J4Y0BKMVTETCMVKM/setl_b6r0dbb1bq,J4Y0BKMVTETCMVKM,,68950,,Axis,XXXXXX1147
banktxn_dpk4akml511n52w7,merch_zomato,2026-05-12,2026-05-12,NEFT/RAZORPAY/804S1ZI8YUG4RAVR/setl_dt2cjbijhs,804S1ZI8YUG4RAVR,,136661,,ICICI,XXXXXX8830
banktxn_po9r1bb93snl1p6t,merch_lenskart,2026-02-10,2026-02-10,NEFT/RAZORPAY/YJDE8VQC3GQ21XBF/setl_jk8v4druwn,YJDE8VQC3GQ21XBF,,494398,,HDFC,XXXXXX9910
banktxn_lliyaxuz694iugyh,merch_apollo,2026-02-18,2026-02-18,NEFT/RAZORPAY/3TCHY0299QG9MV80/setl_4m1mvohiti,3TCHY0299QG9MV80,,234391,,HDFC,XXXXXX4021
banktxn_xbl84axyor2khoxj,merch_urbanco,2026-05-08,2026-05-08,NEFT/RAZORPAY/MWLWPOEMRKI5X1AZ/setl_e6o288sjff,MWLWPOEMRKI5X1AZ,,626116,,Axis,XXXXXX1147
banktxn_62w94dckpzd6s9er,merch_lenskart,2026-04-05,2026-04-05,NEFT/RAZORPAY/Z2AX3ZYX4OQJNAC7/setl_jk8v4druwn,Z2AX3ZYX4OQJNAC7,,65555,,HDFC,XXXXXX9910
banktxn_cpc9fy12gfqgsnxj,merch_nykaa,2026-01-10,2026-01-10,NEFT/RAZORPAY/D7Q1DJXAFRVYZDZV/setl_obvrdd0i74,D7Q1DJXAFRVYZDZV,,71259,,RazorpayX,RZPX00XXXX2201
banktxn_gevs5h1cihkhlmqr,merch_apollo,2026-01-03,2026-01-03,NEFT/RAZORPAY/AP1LLLHOMGBPWFOW/setl_pe6tlmasup,AP1LLLHOMGBPWFOW,,65543,,HDFC,XXXXXX4021
banktxn_aw6shvum02cjl893,merch_apollo,2026-01-07,2026-01-07,NEFT/RAZORPAY/3UIHLPKS8RUPNH5W/setl_pe6tlmasup,3UIHLPKS8RUPNH5W,,2759963,,HDFC,XXXXXX4021
banktxn_d2ettxdd5n1fa6wn,merch_urbanco,2026-05-24,2026-05-24,NEFT/RAZORPAY/SETTLEMENT CREDIT,,,20810,,Axis,XXXXXX1147
banktxn_4sb6n3l90nelc5c7,merch_nykaa,2026-05-21,2026-05-21,NEFT/RAZORPAY/K9HBCL9LO20XKXJO/setl_obvrdd0i74,K9HBCL9LO20XKXJO,,430799,,RazorpayX,RZPX00XXXX2201
banktxn_dd7aabekgz2s0isd,merch_apollo,2026-03-06,2026-03-06,NEFT/RAZORPAY/387N9VGDTREW8VI2/setl_pe6tlmasup,387N9VGDTREW8VI2,,122376,,HDFC,XXXXXX4021
banktxn_0vp7n12645e6ljx0,merch_urbanco,2026-03-09,2026-03-09,NEFT/RAZORPAY/VG4MEZ1ZYJBRV8CC/setl_e6o288sjff,VG4MEZ1ZYJBRV8CC,,484975,,Axis,XXXXXX1147
banktxn_ug7l93i4351bvr2u,merch_lenskart,2026-03-20,2026-03-20,NEFT/RAZORPAY/DCIPTHRHPR2FD8VC/setl_jk8v4druwn,DCIPTHRHPR2FD8VC,,48048,,HDFC,XXXXXX9910
banktxn_h09o0zohooqx47yb,merch_lenskart,2026-04-15,2026-04-15,NEFT/RAZORPAY/S5JGODLF5KLRPJ9C/setl_jk8v4druwn,S5JGODLF5KLRPJ9C,,34736,,HDFC,XXXXXX9910
banktxn_rmcggb23i95wrsgt,merch_zomato,2026-01-16,2026-01-16,NEFT/RAZORPAY/PURGGGDQEAT2NQ6G/setl_n8yqp06ewk,PURGGGDQEAT2NQ6G,,0,,ICICI,XXXXXX8830
banktxn_9tk700mrzv2r0kt4,merch_urbanco,2026-03-15,2026-03-15,NEFT/RAZORPAY/Q9GTKLL9QT83FPU3/setl_e6o288sjff,Q9GTKLL9QT83FPU3,,56650,,Axis,XXXXXX1147
banktxn_nf2d4fzuzd2kpx8w,merch_lenskart,2026-06-14,2026-06-14,NEFT/RAZORPAY/25C3OGR79OV75QCD/setl_jk8v4druwn,25C3OGR79OV75QCD,,694248,,HDFC,XXXXXX9910
banktxn_4lvm29ta3hw2cons,merch_bluedart,2026-02-01,2026-02-01,NEFT/RAZORPAY/U5TJD48JDJKDMFW4/setl_d4rp06720j,U5TJD48JDJKDMFW4,,63076,,Kotak,XXXXXX5567
banktxn_cdcrpn08xl4lrkz7,merch_apollo,2026-03-14,2026-03-14,NEFT/RAZORPAY/6VLP4OW2LRG5XLH7/setl_pe6tlmasup,6VLP4OW2LRG5XLH7,,0,,HDFC,XXXXXX4021
banktxn_0zzjipcmtowqq84f,merch_nykaa,2026-06-30,2026-06-30,NEFT/RAZORPAY/RB5CKFJT3M0U0VUN/setl_1epoqmp00s,RB5CKFJT3M0U0VUN,,52263,,RazorpayX,RZPX00XXXX2201
banktxn_n7gklwqw5teh7yz1,merch_urbanco,2026-01-15,2026-01-15,NEFT/RAZORPAY/48DY5YETA2HWUE2H/setl_e6o288sjff,48DY5YETA2HWUE2H,,153715,,Axis,XXXXXX1147
banktxn_xya8622t80h1jv47,merch_bluedart,2026-02-07,2026-02-07,NEFT/RAZORPAY/3MMMLEKHI2SXQTTW/setl_d4rp06720j,3MMMLEKHI2SXQTTW,,74647,,Kotak,XXXXXX5567
banktxn_ew6tsw9gpait1ix7,merch_lenskart,2026-01-23,2026-01-23,NEFT/RAZORPAY/IE1TF8JORXUG3D3G/setl_jk8v4druwn,IE1TF8JORXUG3D3G,,210269,,HDFC,XXXXXX9910
banktxn_uvvugihogf2jri33,merch_urbanco,2026-03-30,2026-03-30,NEFT/RAZORPAY/1VK2VW5SDNGI8MBH/setl_e6o288sjff,1VK2VW5SDNGI8MBH,,103344,,Axis,XXXXXX1147
banktxn_max8sqvuhbddkgde,merch_lenskart,2026-02-08,2026-02-08,NEFT/RAZORPAY/OEW571M088YA2UIL/setl_jk8v4druwn,OEW571M088YA2UIL,,2696964,,HDFC,XXXXXX9910
banktxn_bfpqip8sbwrl6y7i,merch_apollo,2026-04-30,2026-04-30,NEFT/RAZORPAY/VMXVKLYL0L6JL2IS/setl_pe6tlmasup,VMXVKLYL0L6JL2IS,,965038,,HDFC,XXXXXX4021
banktxn_dexa7k10t7d80ihw,merch_apollo,2026-04-10,2026-04-10,NEFT/RAZORPAY/NE4G6WWUBQDGB5A8/setl_pe6tlmasup,NE4G6WWUBQDGB5A8,,1122360,,HDFC,XXXXXX4021
banktxn_tnjh9a0r4zn2qayt,merch_urbanco,2026-05-31,2026-05-31,NEFT/RAZORPAY/KB4VN3IYXVX8ZWV9/setl_e6o288sjff,KB4VN3IYXVX8ZWV9,,332764,,Axis,XXXXXX1147
banktxn_s8smuelkjz6it6bo,merch_bluedart,2026-02-08,2026-02-08,NEFT/RAZORPAY/BFLF8VUEVRMLGSP4/setl_d4rp06720j,BFLF8VUEVRMLGSP4,,101644,,Kotak,XXXXXX5567
banktxn_dphigdaq5g9a03t9,merch_apollo,2026-01-14,2026-01-14,NEFT/RAZORPAY/55QBB2PK520HGCPG/setl_pe6tlmasup,55QBB2PK520HGCPG,,84469,,HDFC,XXXXXX4021
banktxn_c9an25jp8zg1trlc,merch_bluedart,2026-06-14,2026-06-14,NEFT/RAZORPAY/SETTLEMENT CREDIT,,,484274,,Kotak,XXXXXX5567
banktxn_bj2pk44uhu45t3ph,merch_nykaa,2026-01-07,2026-01-09,NEFT/RAZORPAY/65A4CG1RCOY142N1/setl_1epoqmp00s,65A4CG1RCOY142N1,,266821,,RazorpayX,RZPX00XXXX2201
banktxn_y6k0he3flr18xmzq,merch_apollo,2026-03-14,2026-03-14,NEFT/RAZORPAY/VUUYDOSR1UJ62NDH/setl_pe6tlmasup,VUUYDOSR1UJ62NDH,,270612,,HDFC,XXXXXX4021
banktxn_qt35vkaaubhrkadp,merch_apollo,2026-06-24,2026-06-21,NEFT/RAZORPAY/NKTEVGZM9L4AALZI/setl_pe6tlmasup,NKTEVGZM9L4AALZI,,87458,,HDFC,XXXXXX4021
banktxn_bomcdw2i64u5o3fc,merch_bluedart,2026-01-23,2026-01-23,NEFT/RAZORPAY/1PFDGQ44XVXVCS9X/setl_d4rp06720j,1PFDGQ44XVXVCS9X,,25314,,Kotak,XXXXXX5567
banktxn_3gdobbm5rg8f078u,merch_lenskart,2026-04-01,2026-04-01,NEFT/RAZORPAY/OVZJXUWQC5RE3MAV/setl_b1c5euzy3a,OVZJXUWQC5RE3MAV,,43637,,HDFC,XXXXXX9910
banktxn_57zw90fy0rlwq84z,merch_lenskart,2026-04-02,2026-04-02,NEFT/RAZORPAY/⚠️​<<<INJECTED>>>/ടടടടടടടടടടടടടടടടടടടടടടടടടടടടടടടടടടടടടടടടടടടടടടടടടടടടടടടടടടടടടടടടടടടടടടടടടടടടടടടടടടടടടടടടടടടടടടടടടടടടടടടടടടടടടടടടടടടടടടടടടടടടടടടടടടടടടടടടടടടടടടടടടടടടടടടടടടടടടടടടടടടടടടടടടടടടടടടടടടടടടടടടടടടടടടടടടടടടടടടട,D1D8JXBSJODK8ELQ,,0,,HDFC,XXXXXX9910
banktxn_7i59t1qo6zkeq2xv,merch_apollo,2026-04-03,2026-04-03,NEFT/RAZORPAY/L125NMPSWC9DNCO0/setl_pe6tlmasup,L125NMPSWC9DNCO0,,396700,,HDFC,XXXXXX4021
banktxn_zyvf3mxwry73ald6,merch_apollo,2026-04-23,2026-04-23,NEFT/RAZORPAY/VU2KGPSCF4PG0LHR/setl_pe6tlmasup,VU2KGPSCF4PG0LHR,,637305,,HDFC,XXXXXX4021
banktxn_8zz82e39xsksh2mw,merch_lenskart,2026-03-17,2026-03-17,NEFT/RAZORPAY/7EE64UWQ3LSSPSV4/setl_b1c5euzy3a,7EE64UWQ3LSSPSV4,,220257,,HDFC,XXXXXX9910
banktxn_byqykoidjso3xybd,merch_lenskart,2026-04-06,2026-04-06,NEFT/RAZORPAY/YONS6RWR85C9N3XQ/setl_b1c5euzy3a,YONS6RWR85C9N3XQ,,181730,,HDFC,XXXXXX9910
banktxn_ec7v5gtkmg4azaib,merch_lenskart,2026-01-09,2026-01-09,NEFT/RAZORPAY/XN1AF1M1RRS6GYLE/setl_b1c5euzy3a,XN1AF1M1RRS6GYLE,,58186,,HDFC,XXXXXX9910
banktxn_1xqg6izqf82wk1l3,merch_nykaa,2026-02-12,2026-02-12,NEFT/RAZORPAY/I3EUPMGDH9ZMX1CE/setl_1epoqmp00s,WMJ68CGW60IKAKKF,,197787,,RazorpayX,RZPX00XXXX2201
banktxn_0crxdw9m8yi0jdfn,merch_zomato,2026-03-17,2026-03-17,NEFT/RAZORPAY/0S8EPO3IUG690Z6Y/setl_n8yqp06ewk,0S8EPO3IUG690Z6Y,,28507900,,ICICI,XXXXXX8830
banktxn_hvcst2h2qty4jnol,merch_urbanco,2026-01-27,2026-01-27,NEFT/RAZORPAY/YMCBZTFI155GVJTL/setl_e6o288sjff,YMCBZTFI155GVJTL,,555860,,Axis,XXXXXX1147
banktxn_b7eoszzoimln8q7k,merch_zomato,2026-02-20,2026-02-20,NEFT/RAZORPAY/AWR4TZ0NZ4FX2LSE/setl_n8yqp06ewk,AWR4TZ0NZ4FX2LSE,,278484,,ICICI,XXXXXX8830
banktxn_2b6f46qqjq184air,merch_bluedart,2026-03-13,2026-03-13,NEFT/RAZORPAY/1CDI1L2Z73LOELXR/setl_d4rp06720j,1CDI1L2Z73LOELXR,,24101,,Kotak,XXXXXX5567
banktxn_c88e1u9hzvog6bq6,merch_nykaa,2026-05-26,2026-05-26,NEFT/RAZORPAY/M3JFWPI6PHM2XO9K/setl_1epoqmp00s,X7J6OV6ZIK490WHR,,66722,,RazorpayX,RZPX00XXXX2201
banktxn_847zlsbel35htdvv,merch_nykaa,2026-05-11,2026-05-11,NEFT/RAZORPAY/IQSSX4XXRDQ5EKIK/setl_1epoqmp00s,IQSSX4XXRDQ5EKIK,,206399,,RazorpayX,RZPX00XXXX2201
banktxn_7t9l4bdgdfkertns,merch_lenskart,2026-01-10,2026-01-10,NEFT/RAZORPAY/HABUIPRM8JXC2M7T/setl_b1c5euzy3a,HABUIPRM8JXC2M7T,,239540,,HDFC,XXXXXX9910
banktxn_aw74m0bdvidzvfik,merch_bluedart,2026-03-30,2026-04-02,NEFT/RAZORPAY/OLFEEJSSHQECU99R/setl_d4rp06720j,OLFEEJSSHQECU99R,,132195,,Kotak,XXXXXX5567
banktxn_bluguuuhfsa59ewh,merch_bluedart,2026-02-12,2026-02-12,NEFT/RAZORPAY/WMNS7F7YGGGO4RFK/setl_d4rp06720j,WMNS7F7YGGGO4RFK,,1216702,,Kotak,XXXXXX5567
banktxn_9uctrf3utewfroq1,merch_bluedart,2026-04-10,2026-04-10,NEFT/RAZORPAY/SETTLEMENT CREDIT,,,434729,,Kotak,XXXXXX5567
banktxn_kcz0ncplu9rxdn2t,merch_zomato,2025-12-29,2025-12-29,NEFT/RAZORPAY/ZSAHKZ5ZT2WWJ0VL/setl_n8yqp06ewk,ZSAHKZ5ZT2WWJ0VL,,28914,,ICICI,XXXXXX8830
banktxn_2dzyecc6k6w16pph,merch_nykaa,2026-05-13,2026-05-13,NEFT/RAZORPAY/WDB2C4P7D6US0LFJ/setl_1epoqmp00s,WDB2C4P7D6US0LFJ,,89174,,RazorpayX,RZPX00XXXX2201
banktxn_2q843xi24kuv1p8x,merch_lenskart,2026-02-20,2026-02-20,NEFT/RAZORPAY/QB9JVZ89L6Z9R6FL/setl_b1c5euzy3a,QB9JVZ89L6Z9R6FL,,1140019,,HDFC,XXXXXX9910
banktxn_1aiacnsssi5j2nu5,merch_bluedart,2026-02-02,2026-02-02,NEFT/RAZORPAY/BG7F19BXOU63PQKR/setl_ye8b213k0k,BG7F19BXOU63PQKR,,148896,,Kotak,XXXXXX5567
banktxn_xmr7rbt7g5chbvvc,merch_bluedart,2026-02-11,2026-02-11,NEFT/RAZORPAY/8Z9ADF5BLOVV8M0D/setl_ye8b213k0k,8Z9ADF5BLOVV8M0D,,0,,Kotak,XXXXXX5567
banktxn_61ulcn2bgphxi6ad,merch_urbanco,2026-05-05,2026-05-05,NEFT/RAZORPAY/EX6R4895FK664FD3/setl_kw6v2xefm4,EX6R4895FK664FD3,,153437,,Axis,XXXXXX1147
banktxn_gib2kg3n5nkquh0b,merch_apollo,2026-06-28,2026-06-28,NEFT/RAZORPAY/KK0Y6QYGHKRKSY5S/setl_pe6tlmasup,KK0Y6QYGHKRKSY5S,,615742,,HDFC,XXXXXX4021
banktxn_mbn3z7nl1jf6l1s4,merch_apollo,2026-01-14,2026-01-14,NEFT/RAZORPAY/SR35CX2UL55W7A6O/setl_my3ou14ghr,SR35CX2UL55W7A6O,,188114,,HDFC,XXXXXX4021
banktxn_gpf9izwvz1ufupuq,merch_zomato,2026-05-02,2026-05-02,NEFT/RAZORPAY/⚠️​<<<INJECTED>>>/ടടടടടടടടടടടടടടടടടടടടടടടടടടടടടടടടടടടടടടടടടടടടടടടടടടടടടടടടടടടടടടടടടടടടടടടടടടടടടടടടടടടടടടടടടടടടടടടടടടടടടടടടടടടടടടടടടടടടടടടടടടടടടടടടടടടടടടടടടടടടടടടടടടടടടടടടടടടടടടടടടടടടടടടടടടടടടടടടടടടടടടടടടടടടടടടടടടടടടടടട,HVATK5HJXJ10JOLY,,41986,,ICICI,XXXXXX8830
banktxn_kum0habjpg3ogwq7,merch_apollo,2026-06-29,2026-06-29,NEFT/RAZORPAY/9UPCHVVRQ3KGWLO9/setl_my3ou14ghr,9UPCHVVRQ3KGWLO9,,129362,,HDFC,XXXXXX4021
banktxn_9uq9ozgsewtc29nb,merch_urbanco,2026-02-07,2026-02-07,NEFT/RAZORPAY/5I6810VG2HN4LRDD/setl_kw6v2xefm4,5I6810VG2HN4LRDD,,64288,,Axis,XXXXXX1147
banktxn_0opwx4av3janayho,merch_zomato,2026-04-19,2026-04-19,NEFT/RAZORPAY/860WQCPTXBW4RYO0/setl_n8yqp06ewk,860WQCPTXBW4RYO0,,160149,,ICICI,XXXXXX8830
banktxn_bb3ta8quh2r16kg6,merch_bluedart,2026-02-05,2026-02-05,NEFT/RAZORPAY/VWKRL8KLJ9GLZRPT/setl_ye8b213k0k,VWKRL8KLJ9GLZRPT,,332087,,Kotak,XXXXXX5567
banktxn_auisyv6nlecd4se4,merch_lenskart,2026-04-10,2026-04-10,NEFT/RAZORPAY/EWNS9XAP916QM6KK/setl_b1c5euzy3a,EWNS9XAP916QM6KK,,0,,HDFC,XXXXXX9910
banktxn_jtnqpntc8uuj53l0,merch_zomato,2026-06-16,2026-06-16,NEFT/RAZORPAY/05L3HFH050BPNLTO/setl_n8yqp06ewk,05L3HFH050BPNLTO,,135479,,ICICI,XXXXXX8830
banktxn_6iqs2o3zthq499we,merch_lenskart,2026-02-02,2026-02-02,NEFT/RAZORPAY/P3ERT3L3H77TUSRC/setl_b1c5euzy3a,P3ERT3L3H77TUSRC,,32698,,HDFC,XXXXXX9910
banktxn_h6n6dynnfadun0wd,merch_urbanco,2026-03-31,2026-04-02,NEFT/RAZORPAY/GCHGYB5FX077KLUP/setl_kw6v2xefm4,GCHGYB5FX077KLUP,,57185,,Axis,XXXXXX1147
banktxn_bq8k42jho7vf2n4l,merch_bluedart,2026-03-02,2026-03-02,NEFT/RAZORPAY/2IN3Z0RDMEFDN17P/setl_ye8b213k0k,2IN3Z0RDMEFDN17P,,6681200,,Kotak,XXXXXX5567
banktxn_ioia36w618da06om,merch_urbanco,2026-06-13,2026-06-13,NEFT/RAZORPAY/5JRXF7HPN01EGNNW/setl_kw6v2xefm4,5JRXF7HPN01EGNNW,,524460,,Axis,XXXXXX1147
banktxn_dbnwyf2b5cpv4q3f,merch_zomato,2026-03-10,2026-03-10,NEFT/RAZORPAY/ZQZ6DEU8AVZ6Z4NM/setl_r4tdgo2ytd,ZQZ6DEU8AVZ6Z4NM,,149244,,ICICI,XXXXXX8830
banktxn_65lrae3ovz14hov2,merch_bluedart,2026-06-27,2026-06-27,NEFT/RAZORPAY/RMFKFQX9FB2SAJWQ/setl_ye8b213k0k,RMFKFQX9FB2SAJWQ,,159084,,Kotak,XXXXXX5567
banktxn_p1ozchbq1ncfxyaj,merch_apollo,2026-01-03,2026-01-03,NEFT/RAZORPAY/NOT5W5IDEOSLTLNG/setl_my3ou14ghr,NOT5W5IDEOSLTLNG,,497631,,HDFC,XXXXXX4021
banktxn_4n63i6fpvtuovnc8,merch_apollo,2026-03-01,2026-03-01,NEFT/RAZORPAY/LPOZV8F3ODQMSXCS/setl_my3ou14ghr,LPOZV8F3ODQMSXCS,,32960,,HDFC,XXXXXX4021
banktxn_rxq5buscfeflrj91,merch_apollo,2026-01-15,2026-01-15,NEFT/RAZORPAY/⚠️​<<<INJECTED>>>/ടടടടടടടടടടടടടടടടടടടടടടടടടടടടടടടടടടടടടടടടടടടടടടടടടടടടടടടടടടടടടടടടടടടടടടടടടടടടടടടടടടടടടടടടടടടടടടടടടടടടടടടടടടടടടടടടടടടടടടടടടടടടടടടടടടടടടടടടടടടടടടടടടടടടടടടടടടടടടടടടടടടടടടടടടടടടടടടടടടടടടടടടടടടടടടടടടടടടടടടട,DC5K8J0H7KTKWH9T,,300323,,HDFC,XXXXXX4021
banktxn_b5la23vi4oohd2zo,merch_nykaa,2026-05-21,2026-05-21,NEFT/RAZORPAY/LQN81YF6C004O5XE/setl_0d72z3xdgz,LQN81YF6C004O5XE,,36862,,RazorpayX,RZPX00XXXX2201
banktxn_s4m6oe9e3jvv9lq4,merch_lenskart,2026-01-04,2026-01-04,NEFT/RAZORPAY/EN5OO2EAFU16G1M3/setl_aotum1hp6p,EN5OO2EAFU16G1M3,,35455,,HDFC,XXXXXX9910
banktxn_v6kowlc06sihvg0x,merch_urbanco,2026-02-04,2026-02-04,NEFT/RAZORPAY/AWFKXGIZ068TU48S/setl_kw6v2xefm4,AWFKXGIZ068TU48S,,1652006,,Axis,XXXXXX1147
banktxn_n1rohwuxapjwu7e2,merch_nykaa,2026-02-05,2026-02-05,NEFT/RAZORPAY/WUOMSNMM8LWQZKOY/setl_0d72z3xdgz,WUOMSNMM8LWQZKOY,,0,,RazorpayX,RZPX00XXXX2201
banktxn_e2vxfsd6xfmj6afg,merch_bluedart,2026-07-01,2026-07-01,NEFT/RAZORPAY/38YJLNYSRKN6AQX5/setl_ye8b213k0k,38YJLNYSRKN6AQX5,,76931,,Kotak,XXXXXX5567
banktxn_al96n5hem6u8cown,merch_apollo,2026-03-30,2026-03-30,NEFT/RAZORPAY/HQ0BODFNPH4PBZV2/setl_my3ou14ghr,HQ0BODFNPH4PBZV2,,129378,,HDFC,XXXXXX4021
banktxn_08ilj89g9aif19e8,merch_urbanco,2026-01-12,2026-01-12,NEFT/RAZORPAY/5J939ZP689DAZQ7H/setl_kw6v2xefm4,5J939ZP689DAZQ7H,,784654,,Axis,XXXXXX1147
banktxn_ix0npj867wuj11hg,merch_lenskart,2026-02-09,2026-02-09,NEFT/RAZORPAY/AWQE2T1TX524268I/setl_aotum1hp6p,AWQE2T1TX524268I,,92591,,HDFC,XXXXXX9910
banktxn_ym7pp51vpgjh3hei,merch_nykaa,2026-04-05,2026-04-05,NEFT/RAZORPAY/0F90W9FG6P01TMVX/setl_0d72z3xdgz,0F90W9FG6P01TMVX,,216432,,RazorpayX,RZPX00XXXX2201
banktxn_08yaqmrlbeounobt,merch_zomato,2026-05-03,2026-05-03,NEFT/RAZORPAY/UOLG08EJU7IM7CSH/setl_r4tdgo2ytd,UOLG08EJU7IM7CSH,,760430,,ICICI,XXXXXX8830
banktxn_jrwxoz2yspcgbvaj,merch_zomato,2026-03-29,2026-03-29,NEFT/RAZORPAY/E18TFZKJHBH39GY0/setl_r4tdgo2ytd,E18TFZKJHBH39GY0,,240940,,ICICI,XXXXXX8830
banktxn_ps5hxmt9ltynbck9,merch_nykaa,2026-05-08,2026-05-08,NEFT/RAZORPAY/W8BJTB8GVPZRS2T6/setl_0d72z3xdgz,W8BJTB8GVPZRS2T6,,460880,,RazorpayX,RZPX00XXXX2201
banktxn_psk4imsu2e6u0nry,merch_urbanco,2026-03-29,2026-03-29,NEFT/RAZORPAY/IAMK0ENFFB526ALJ/setl_kw6v2xefm4,IAMK0ENFFB526ALJ,,760521,,Axis,XXXXXX1147
banktxn_qx065ldq1oidjnch,merch_urbanco,2026-05-15,2026-05-15,NEFT/RAZORPAY/OI4VQK81NJYDP114/setl_kw6v2xefm4,OI4VQK81NJYDP114,,4021576,,Axis,XXXXXX1147
banktxn_8h4e1077d4irjjb5,merch_urbanco,2026-03-09,2026-03-09,NEFT/RAZORPAY/JLVX7F6INO8NE3D3/setl_5mtw5nll5z,JLVX7F6INO8NE3D3,,88011,,Axis,XXXXXX1147
banktxn_wgahjesdpor3ijyp,merch_lenskart,2026-04-28,2026-04-28,NEFT/RAZORPAY/X1MT44VXGJH339VG/setl_aotum1hp6p,X1MT44VXGJH339VG,,30472,,HDFC,XXXXXX9910
banktxn_w6q4w1w1yz3g1dep,merch_apollo,2026-06-29,2026-06-29,NEFT/RAZORPAY/VQ8FFPWD9J1UBW5M/setl_unqlf313b9,VQ8FFPWD9J1UBW5M,,0,,HDFC,XXXXXX4021
banktxn_w5d80t9c75ygpln3,merch_nykaa,2026-07-01,2026-07-01,NEFT/RAZORPAY/6ECRR0LTK9PPJU45/setl_0d72z3xdgz,6ECRR0LTK9PPJU45,,14198,,RazorpayX,RZPX00XXXX2201
banktxn_6tk62bnyfzk0wdfa,merch_bluedart,2026-04-16,2026-04-16,NEFT/RAZORPAY/B96BJ86UCW51EGSD/setl_ye8b213k0k,B96BJ86UCW51EGSD,,906402,,Kotak,XXXXXX5567
banktxn_lk0gp6r7ieyh3et8,merch_zomato,2026-05-09,2026-05-09,NEFT/RAZORPAY/ZSKZOGVG079NMF7S/setl_r4tdgo2ytd,ZSKZOGVG079NMF7S,,0,,ICICI,XXXXXX8830
banktxn_m6i1vaehq6n2h74v,merch_lenskart,2026-06-10,2026-06-10,NEFT/RAZORPAY/CNGTROE3SSVK401P/setl_aotum1hp6p,CNGTROE3SSVK401P,,157501,,HDFC,XXXXXX9910
banktxn_93e4um4gk021cnu8,merch_nykaa,2026-06-02,2026-06-02,NEFT/RAZORPAY/CMISBXPFPAJ1AEWG/setl_0d72z3xdgz,CMISBXPFPAJ1AEWG,,0,,RazorpayX,RZPX00XXXX2201
banktxn_51ja1wi5wbyqkh2t,merch_lenskart,2026-05-23,2026-05-23,NEFT/RAZORPAY/O6SH31NVNXDGIMHA/setl_aotum1hp6p,O6SH31NVNXDGIMHA,,147005,,HDFC,XXXXXX9910
banktxn_aem481gno7ludggc,merch_zomato,2026-01-04,2026-01-04,NEFT/RAZORPAY/8Q7NOG1R1XBVR710/setl_r4tdgo2ytd,8Q7NOG1R1XBVR710,,3090015,,ICICI,XXXXXX8830
banktxn_ifk7vwz6qgmu72i9,merch_nykaa,2026-01-31,2026-01-31,NEFT/RAZORPAY/WV2W4CBB3W9B3JIX/setl_0d72z3xdgz,WV2W4CBB3W9B3JIX,,279671,,RazorpayX,RZPX00XXXX2201
banktxn_8h0torildo987fl2,merch_apollo,2026-05-08,2026-05-08,NEFT/RAZORPAY/NIPB55OS03QA2W86/setl_unqlf313b9,NIPB55OS03QA2W86,,381750,,HDFC,XXXXXX4021
banktxn_94f6ervlgxedvvu8,merch_bluedart,2026-03-13,2026-03-13,NEFT/RAZORPAY/WYPJOK1ZE1GF5UZI/setl_gmhhs9mit9,WYPJOK1ZE1GF5UZI,,378586,,Kotak,XXXXXX5567
banktxn_63zxmwx5x76hbz7v,merch_bluedart,2026-03-16,2026-03-16,NEFT/RAZORPAY/XLXCTNMYBQEA5XHN/setl_gmhhs9mit9,XLXCTNMYBQEA5XHN,,105654,,Kotak,XXXXXX5567
banktxn_j7wbuahinb2so4m9,merch_urbanco,2026-01-26,2026-01-28,NEFT/RAZORPAY/UWF1V785ANVYR439/setl_5mtw5nll5z,UWF1V785ANVYR439,,45540,,Axis,XXXXXX1147
banktxn_i9g8qdfnbe7tkiws,merch_nykaa,2026-01-22,2026-01-22,NEFT/RAZORPAY/AHA5X9KGX3LTML0A/setl_0d72z3xdgz,AHA5X9KGX3LTML0A,,92679,,RazorpayX,RZPX00XXXX2201
banktxn_fs7mcgatwdbxtd9b,merch_apollo,2026-05-01,2026-05-01,NEFT/RAZORPAY/GV7QJKGKWGJQMTT7/setl_unqlf313b9,GV7QJKGKWGJQMTT7,,130661,,HDFC,XXXXXX4021
banktxn_ntu06j575mx6o9d4,merch_urbanco,2026-01-09,2026-01-09,NEFT/RAZORPAY/NUNJ90EZ07CETP44/setl_5mtw5nll5z,NUNJ90EZ07CETP44,,110574,,Axis,XXXXXX1147
banktxn_qwqnmd8ogvh6g4bh,merch_lenskart,2026-06-18,2026-06-18,NEFT/RAZORPAY/L1TORR2OM1WN9R53/setl_aotum1hp6p,L1TORR2OM1WN9R53,,161673,,HDFC,XXXXXX9910
banktxn_w6prl5vvc4d5tif7,merch_apollo,2026-06-13,2026-06-13,NEFT/RAZORPAY/2XRSK88Q8J5L8XEA/setl_unqlf313b9,2XRSK88Q8J5L8XEA,,182170,,HDFC,XXXXXX4021
banktxn_e3k8g66ha2sqn6ed,merch_urbanco,2026-06-16,2026-06-16,NEFT/RAZORPAY/XPPXRYXJ911EBOL3/setl_5mtw5nll5z,XPPXRYXJ911EBOL3,,582006,,Axis,XXXXXX1147
banktxn_h0fyrmjt4bv3ngwt,merch_zomato,2026-06-06,2026-06-06,NEFT/RAZORPAY/669Q3GYMXQKGZ4ZH/setl_r4tdgo2ytd,669Q3GYMXQKGZ4ZH,,437464,,ICICI,XXXXXX8830
banktxn_th6ixx7m7ihrq5lg,merch_urbanco,2026-01-06,2026-01-06,NEFT/RAZORPAY/KUN35KHEYLTY6Z3U/setl_5mtw5nll5z,KUN35KHEYLTY6Z3U,,46198,,Axis,XXXXXX1147
banktxn_c5n5c4cmr76s0avw,merch_bluedart,2026-03-29,2026-03-29,NEFT/RAZORPAY/XP6JOAZXEPDLY3ND/setl_gmhhs9mit9,XP6JOAZXEPDLY3ND,,527050,,Kotak,XXXXXX5567
banktxn_kglk48i6n8wrfjzg,merch_nykaa,2026-05-26,2026-05-26,NEFT/RAZORPAY/LSV3O7WFIG9L75W2/setl_0d72z3xdgz,LSV3O7WFIG9L75W2,,3997264,,RazorpayX,RZPX00XXXX2201
banktxn_jn6cmri9q3o31zta,merch_urbanco,2026-02-03,2026-02-03,NEFT/RAZORPAY/TEMDK9AQNGD3MDTC/setl_5mtw5nll5z,TEMDK9AQNGD3MDTC,,157744,,Axis,XXXXXX1147
banktxn_yhd45oa43pm5jgtd,merch_bluedart,2026-04-13,2026-04-13,NEFT/RAZORPAY/DLDCAU28WPQRWRYN/setl_gmhhs9mit9,DLDCAU28WPQRWRYN,,21533,,Kotak,XXXXXX5567
banktxn_j7ws93bw54d00xhf,merch_zomato,2026-01-20,2026-01-20,NEFT/RAZORPAY/GWOLTHC1P91OX4JZ/setl_e10cbloqhs,GWOLTHC1P91OX4JZ,,234476,,ICICI,XXXXXX8830
banktxn_txzzhtwt5y4cyejv,merch_apollo,2026-06-24,2026-06-24,NEFT/RAZORPAY/FLRE5PVOP39S6PZB/setl_unqlf313b9,FLRE5PVOP39S6PZB,,241978,,HDFC,XXXXXX4021
banktxn_0o6opzhqjy81xv8x,merch_zomato,2026-07-01,2026-07-01,NEFT/RAZORPAY/03G6N55C2D1SOO4U/setl_e10cbloqhs,03G6N55C2D1SOO4U,,24428,,ICICI,XXXXXX8830
banktxn_aqkomoh6rkpoqt6l,merch_urbanco,2026-03-23,2026-03-23,NEFT/RAZORPAY/86YNZDMWG3JU2NT5/setl_5mtw5nll5z,86YNZDMWG3JU2NT5,,132310,,Axis,XXXXXX1147
banktxn_42kiozq6vtc3u04w,merch_bluedart,2026-03-14,2026-03-14,NEFT/RAZORPAY/UEE3W0FJKIJPWIFB/setl_gmhhs9mit9,UEE3W0FJKIJPWIFB,,156898,,Kotak,XXXXXX5567
banktxn_uxpfg4hizuvsjsqc,merch_apollo,2026-04-25,2026-04-25,NEFT/RAZORPAY/8ZN5PM9BXVDK65ZT/setl_unqlf313b9,8ZN5PM9BXVDK65ZT,,97003,,HDFC,XXXXXX4021
banktxn_dowh2ki6olaev00y,merch_bluedart,2026-04-11,2026-04-11,NEFT/RAZORPAY/F2X55982B4L68WM5/setl_gmhhs9mit9,F2X55982B4L68WM5,,301294,,Kotak,XXXXXX5567
banktxn_c2pqk3pwxwntr2bt,merch_zomato,2026-01-22,2026-01-22,NEFT/RAZORPAY/O4S705IUYBGTM67V/setl_e10cbloqhs,O4S705IUYBGTM67V,,127087,,ICICI,XXXXXX8830
banktxn_oyk16cy5fwnj6zjb,merch_apollo,2026-02-04,2026-02-04,NEFT/RAZORPAY/TL6D7WEZ8CV3YHHG/setl_unqlf313b9,TL6D7WEZ8CV3YHHG,,698986,,HDFC,XXXXXX4021
banktxn_omr7uyoy48opq7oa,merch_bluedart,2026-06-15,2026-06-15,NEFT/RAZORPAY/SJV26IWT7B0WEEX8/setl_gmhhs9mit9,SJV26IWT7B0WEEX8,,15303,,Kotak,XXXXXX5567
banktxn_6nprs344wt7t70hl,merch_zomato,2026-03-16,2026-03-16,NEFT/RAZORPAY/Q9PTBH0WOAZV35F9/setl_e10cbloqhs,Q9PTBH0WOAZV35F9,,260257,,ICICI,XXXXXX8830
banktxn_ke8zrnv77ai68wd0,merch_bluedart,2026-01-08,2026-01-08,NEFT/RAZORPAY/U1Z6A1N36ODF9FP8/setl_gmhhs9mit9,U1Z6A1N36ODF9FP8,,419528,,Kotak,XXXXXX5567
banktxn_iioza6pco8v0dxri,merch_nykaa,2026-06-26,2026-06-26,NEFT/RAZORPAY/1G6HSV5RZAYYB4Y8/setl_243rncp2mi,1G6HSV5RZAYYB4Y8,,172678,,RazorpayX,RZPX00XXXX2201
banktxn_udeporjz7he5dsg1,merch_bluedart,2026-01-15,2026-01-15,NEFT/RAZORPAY/4LJ977XWLG79OKL7/setl_gmhhs9mit9,4LJ977XWLG79OKL7,,954669,,Kotak,XXXXXX5567
banktxn_nt85g8o3u4ec5hey,merch_nykaa,2026-06-04,2026-06-04,NEFT/RAZORPAY/IHTJYJXMPJJL5GB7/setl_243rncp2mi,IHTJYJXMPJJL5GB7,,72675,,RazorpayX,RZPX00XXXX2201
banktxn_5gq8twlpqa4upatb,merch_lenskart,2026-01-05,2026-01-05,NEFT/RAZORPAY/0SFWJYKL0N2PW7M6/setl_8msqkv5blg,0SFWJYKL0N2PW7M6,,83801,,HDFC,XXXXXX9910
banktxn_r80ubt98f7xs1wqf,merch_urbanco,2026-03-24,2026-03-24,NEFT/RAZORPAY/QIALHBJT3BO6KIPP/setl_5mtw5nll5z,QIALHBJT3BO6KIPP,,278162,,Axis,XXXXXX1147
banktxn_9ba78wz6p1dkydb9,merch_bluedart,2026-06-20,2026-06-20,NEFT/RAZORPAY/0BUY0QUZ8HRKKC09/setl_kow28zjh09,0BUY0QUZ8HRKKC09,,23758,,Kotak,XXXXXX5567
banktxn_kr7sfs935u147skl,merch_nykaa,2026-05-12,2026-05-12,NEFT/RAZORPAY/X792TP9HY2MAAG8T/setl_243rncp2mi,X792TP9HY2MAAG8T,,64599,,RazorpayX,RZPX00XXXX2201
banktxn_mav9f47hei4ooeya,merch_urbanco,2026-05-02,2026-05-02,NEFT/RAZORPAY/V8LWJBE18AUBVNA7/setl_rtzqc2ey4o,V8LWJBE18AUBVNA7,,211212,,Axis,XXXXXX1147
banktxn_yv3dbbk3w5ce9aug,merch_apollo,2026-04-13,2026-04-13,NEFT/RAZORPAY/5012UUYF7XAQDUG4/setl_unqlf313b9,5012UUYF7XAQDUG4,,328272,,HDFC,XXXXXX4021
banktxn_mfwl5g2npyimdg36,merch_apollo,2026-01-19,2026-01-19,NEFT/RAZORPAY/X7J6OV6ZIK490WHR/setl_unqlf313b9,X7J6OV6ZIK490WHR,,41297,,HDFC,XXXXXX4021
banktxn_tdt8a7vohy0dp4im,merch_zomato,2026-02-01,2026-02-01,NEFT/RAZORPAY/0SK5QCY0PRBPUJ02/setl_e10cbloqhs,0SK5QCY0PRBPUJ02,,113022,,ICICI,XXXXXX8830
banktxn_4gsp6bql3xyvnlwk,merch_urbanco,2026-02-03,2026-02-03,NEFT/RAZORPAY/L6VNC5SAR42YGKPC/setl_rtzqc2ey4o,L6VNC5SAR42YGKPC,,352427,,Axis,XXXXXX1147
banktxn_gj4p9vvqm09iam35,merch_urbanco,2026-05-16,2026-05-16,NEFT/RAZORPAY/5021DAQPQ5TZ0WWP/setl_rtzqc2ey4o,5021DAQPQ5TZ0WWP,,416994,,Axis,XXXXXX1147
banktxn_dyatjdze9pa8l3rd,merch_apollo,2026-03-16,2026-03-16,NEFT/RAZORPAY/TU12JXC0SP8TFANL/setl_unqlf313b9,TU12JXC0SP8TFANL,,0,,HDFC,XXXXXX4021
banktxn_xmtlnrij9bvvl15d,merch_nykaa,2026-03-28,2026-03-28,NEFT/RAZORPAY/PWIXPNKXJ9AMBTSO/setl_243rncp2mi,PWIXPNKXJ9AMBTSO,,244556,,RazorpayX,RZPX00XXXX2201
banktxn_vwkx6hj8xcqytq71,merch_apollo,2026-05-10,2026-05-10,NEFT/RAZORPAY/YMW9TRMJO4MZVE1F/setl_mbcw6hzs4i,YMW9TRMJO4MZVE1F,,77205,,HDFC,XXXXXX4021
banktxn_zo8hcqz7c5ileiz0,merch_nykaa,2026-03-14,2026-03-14,NEFT/RAZORPAY/0VCG6FM1LH0SQGU7/setl_243rncp2mi,0VCG6FM1LH0SQGU7,,702813,,RazorpayX,RZPX00XXXX2201
banktxn_tfldgt8jxqxwcaal,merch_zomato,2026-04-08,2026-04-08,NEFT/RAZORPAY/DHICV61XGALSMHBE/setl_e10cbloqhs,DHICV61XGALSMHBX,,144339,,ICICI,XXXXXX8830
banktxn_dejkrl6ly99d3jvp,merch_nykaa,2026-03-20,2026-03-20,NEFT/RAZORPAY/RUH1TMEM6CWFGNQA/setl_243rncp2mi,RUH1TMEM6CWFGNQA,,133668,,RazorpayX,RZPX00XXXX2201
banktxn_wfwmp27rrwlzqtsx,merch_urbanco,2026-03-19,2026-03-16,NEFT/RAZORPAY/WHVNJWV23RGQ7HOH/setl_rtzqc2ey4o,WHVNJWV23RGQ7HOH,,82542,,Axis,XXXXXX1147
banktxn_pcz7d98bd3ib63ev,merch_bluedart,2026-01-08,2026-01-08,NEFT/RAZORPAY/P792GQLJKOKROEOD/setl_kow28zjh09,P792GQLJKOKROEOD,,67275,,Kotak,XXXXXX5567
banktxn_01dfzcfrtcp4j3iv,merch_urbanco,2026-02-27,2026-02-27,NEFT/RAZORPAY/9Y8CQRJFY9RZE5FZ/setl_rtzqc2ey4o,9Y8CQRJFY9RZE5FZ,,869998,,Axis,XXXXXX1147
banktxn_hj5vwlzguv29d8wc,merch_nykaa,2026-02-09,2026-02-09,NEFT/RAZORPAY/JH70WYDJHG9LFVI8/setl_243rncp2mi,JH70WYDJHG9LFVI8,,242370,,RazorpayX,RZPX00XXXX2201
banktxn_fvd7g091e13y60e5,merch_zomato,2026-03-20,2026-03-20,NEFT/RAZORPAY/IEGHZ7NZW9OXUIIE/setl_e10cbloqhs,IEGHZ7NZW9OXUIIE,,114208,,ICICI,XXXXXX8830
banktxn_ysb3dacxe98u3jgf,merch_nykaa,2026-03-05,2026-03-05,NEFT/RAZORPAY/9V7JOEMLI9YJRXQD/setl_243rncp2mi,9V7JOEMLI9YJRXQD,,84918,,RazorpayX,RZPX00XXXX2201
banktxn_kkmpciz7g7mtt7z3,merch_bluedart,2026-03-06,2026-03-06,NEFT/RAZORPAY/Q94IQ6EDMGSCFU3A/setl_kow28zjh09,Q94IQ6EDMGSCFU3A,,14975,,Kotak,XXXXXX5567
banktxn_eesot6r8tp9hfq3p,merch_nykaa,2026-02-28,2026-02-28,NEFT/RAZORPAY/B97TSMH4JGVUB1HL/setl_243rncp2mi,B97TSMH4JGVUB1HL,,228297,,RazorpayX,RZPX00XXXX2201
banktxn_eja54isiptkveak5,merch_lenskart,2026-06-29,2026-06-29,NEFT/RAZORPAY/SETTLEMENT CREDIT,,,176368,,HDFC,XXXXXX9910
banktxn_dt1gk2dwq1vajc2q,merch_lenskart,2026-05-04,2026-05-04,NEFT/RAZORPAY/OC06K3Z88WC2994E/setl_8msqkv5blg,OC06K3Z88WC2994E,,210555,,HDFC,XXXXXX9910
banktxn_x40hadzkbgspkmim,merch_lenskart,2026-03-05,2026-03-05,NEFT/RAZORPAY/7LOPUZLS6DH4789Y/setl_8msqkv5blg,7LOPUZLS6DH4789Y,,215560,,HDFC,XXXXXX9910
banktxn_hln25a1gf5axryrr,merch_zomato,2026-01-07,2026-01-07,NEFT/RAZORPAY/0IJ16A4SZLRDJCP4/setl_75kjhjwm09,0IJ16A4SZLRDJCP4,,1015002,,ICICI,XXXXXX8830
banktxn_vagaa5fe8j0p4xpi,merch_bluedart,2026-04-02,2026-04-02,NEFT/RAZORPAY/1WXBF9GCQRJSVD9F/setl_kow28zjh09,1WXBF9GCQRJSVD9F,,421530,,Kotak,XXXXXX5567
banktxn_4q0oj3nswvrq14uy,merch_lenskart,2026-06-08,2026-06-08,NEFT/RAZORPAY/EI9RTZHLPR46LMPZ/setl_8msqkv5blg,EI9RTZHLPR46LMPZ,,20205,,HDFC,XXXXXX9910
banktxn_x5mr5c18eaupd5pi,merch_bluedart,2026-05-09,2026-05-09,NEFT/RAZORPAY/H6JNTMMTCZ4LRSU8/setl_kow28zjh09,H6JNTMMTCZ4LRSU8,,292630,,Kotak,XXXXXX5567
banktxn_ro5pb5eafbn07uo5,merch_lenskart,2026-03-01,2026-03-01,NEFT/RAZORPAY/Z9GSJ0TJDJJI7TNO/setl_8msqkv5blg,Z9GSJ0TJDJJI7TNO,,243649,,HDFC,XXXXXX9910
banktxn_fxj736mbabgbhgg1,merch_nykaa,2026-01-22,2026-01-22,NEFT/RAZORPAY/5ZSPMQVBBH6AWOL1/setl_243rncp2mi,5ZSPMQVBBH6AWOL1,,556670,,RazorpayX,RZPX00XXXX2201
banktxn_nnbku1vbua0gry44,merch_apollo,2026-04-02,2026-04-02,NEFT/RAZORPAY/CLEXJSC9G93MT3ER/setl_mbcw6hzs4i,CLEXJSC9G93MT3ER,,566384,,HDFC,XXXXXX4021
banktxn_wupw100utriatt2t,merch_lenskart,2026-01-12,2026-01-12,NEFT/RAZORPAY/ET9YXUBXST4D2J9E/setl_8msqkv5blg,ET9YXUBXST4D2J9E,,62832,,HDFC,XXXXXX9910
banktxn_vvlfwz7sryenc8hu,merch_lenskart,2026-06-24,2026-06-24,NEFT/RAZORPAY/HYKF5LRIP0ZS8LGV/setl_8msqkv5blg,HYKF5LRIP0ZS8LGV,,265543,,HDFC,XXXXXX9910
banktxn_awcpe0z146yvb7cy,merch_nykaa,2026-06-21,2026-06-21,NEFT/RAZORPAY/HVRPJNHJ0QPXJ9LD/setl_243rncp2mi,HVRPJNHJ0QPXJ9LD,,294316,,RazorpayX,RZPX00XXXX2201
banktxn_l95v867zby4f1k41,merch_lenskart,2026-04-22,2026-04-22,NEFT/RAZORPAY/4OEBAXKMQEERQ0BE/setl_8msqkv5blg,4OEBAXKMQEERQ0BE,,304332,,HDFC,XXXXXX9910
banktxn_m83vw6yvi6jomqqf,merch_zomato,2026-04-29,2026-04-29,NEFT/RAZORPAY/FIBNF278X5I00658/setl_75kjhjwm09,FIBNF278X5I00658,,55078,,ICICI,XXXXXX8830
banktxn_btnngv37hbl1fcrf,merch_lenskart,2026-03-28,2026-03-28,NEFT/RAZORPAY/W3ZMPZFK3M6XFHJ1/setl_8msqkv5blg,W3ZMPZFK3M6XFHJ1,,4989,,HDFC,XXXXXX9910
banktxn_cz12svzx6pzs0qor,merch_bluedart,2026-06-13,2026-06-13,NEFT/RAZORPAY/EC5D4942Z772DYVU/setl_kow28zjh09,EC5D4942Z772DYVU,,862638,,Kotak,XXXXXX5567
banktxn_yp37vewmknnm3m6y,merch_bluedart,2026-03-19,2026-03-19,NEFT/RAZORPAY/NXIQ912DBE2A078O/setl_kow28zjh09,NXIQ912DBE2A078O,,84015,,Kotak,XXXXXX5567
banktxn_imu44ruci94g956h,merch_lenskart,2026-02-17,2026-02-17,NEFT/RAZORPAY/D4XZV2R3JHO91DSI/setl_8msqkv5blg,D4XZV2R3JHO91DSI,,127608,,HDFC,XXXXXX9910
banktxn_g51y3vm2l3dkhn7d,merch_urbanco,2026-07-01,2026-07-01,NEFT/RAZORPAY/3K5YEUQMDT22KTYD/setl_rtzqc2ey4o,3K5YEUQMDT22KTYD,,52848,,Axis,XXXXXX1147
banktxn_tv7m57g7epjjsua6,merch_zomato,2026-05-22,2026-05-22,NEFT/RAZORPAY/QWONBUJX7BQIKIX8/setl_75kjhjwm09,QWONBUJX7BQIKIX8,,62022,,ICICI,XXXXXX8830
banktxn_4s5mmurc8n7pq84m,merch_urbanco,2026-06-22,2026-06-22,NEFT/RAZORPAY/BWPSFFNFT1RD9D30/setl_rtzqc2ey4o,BWPSFFNFT1RD9D30,,704078,,Axis,XXXXXX1147
banktxn_n5u5hsgl01u3rhg3,merch_nykaa,2026-06-21,2026-06-21,NEFT/RAZORPAY/HQ30FI50NZZBXS1F/setl_243rncp2mi,HQ30FI50NZZBXS1F,,1259034,,RazorpayX,RZPX00XXXX2201
banktxn_65yebzh16ih2t1hc,merch_urbanco,2026-02-18,2026-02-18,NEFT/RAZORPAY/OOT0Z3O0R3L3QI1M/setl_rtzqc2ey4o,OOT0Z3O0R3L3QI1M,,259798,,Axis,XXXXXX1147
banktxn_gd0tzjltwgg3ae3u,merch_lenskart,2026-01-22,2026-01-22,NEFT/RAZORPAY/PWHS3D5NVRL6BFGG/setl_8msqkv5blg,PWHS3D5NVRL6BFGG,,23629,,HDFC,XXXXXX9910
banktxn_3so2knkyt2g9nest,merch_bluedart,2026-05-08,2026-05-08,NEFT/RAZORPAY/1VGRU8ETXY56XW96/setl_kow28zjh09,1VGRU8ETXY56XW96,,910413,,Kotak,XXXXXX5567
banktxn_x1zd3wuded24cx5z,merch_urbanco,2026-02-04,2026-02-04,NEFT/RAZORPAY/8DQU3WB7DNB94746/setl_rtzqc2ey4o,8DQU3WB7DNB94746,,245653,,Axis,XXXXXX1147
banktxn_b1vwffx406cp8h0w,merch_nykaa,2026-03-06,2026-03-06,NEFT/RAZORPAY/PQOSDBVYCO2VX2VY/setl_m2tthrsgdc,PQOSDBVYCO2VX2VY,,138172,,RazorpayX,RZPX00XXXX2201
banktxn_qkvexletk6b90v85,merch_zomato,2026-06-15,2026-06-15,NEFT/RAZORPAY/ICWW37FTBHAYZI2P/setl_75kjhjwm09,ICWW37FTBHAYZI2P,,400748,,ICICI,XXXXXX8830
banktxn_09p5roxgk36kr8al,merch_lenskart,2026-05-01,2026-05-01,NEFT/RAZORPAY/RZWUZR7B389YMI2H/setl_8msqkv5blg,RZWUZR7B389YMI2H,,67616,,HDFC,XXXXXX9910
banktxn_qbxdvissi4vdefq3,merch_urbanco,2026-04-30,2026-04-30,NEFT/RAZORPAY/OEBHQ9EJICRBWK5M/setl_5gosdl9wco,OEBHQ9EJICRBWK5M,,10573300,,Axis,XXXXXX1147
banktxn_hly1lsc37k8p4hms,merch_urbanco,2026-04-14,2026-04-14,NEFT/RAZORPAY/G3AJFWT4DY9TELIG/setl_5gosdl9wco,G3AJFWT4DY9TELIG,,45653,,Axis,XXXXXX1147
banktxn_4eyr0owbxs8ws29g,merch_bluedart,2026-06-10,2026-06-10,NEFT/RAZORPAY/PB7FGCFNS5B1KVJ8/setl_kow28zjh09,PB7FGCFNS5B1KVJ8,,60097,,Kotak,XXXXXX5567
banktxn_1c7pxylcn4cmwbrf,merch_zomato,2026-02-27,2026-02-27,NEFT/RAZORPAY/96GWVRE19WP8W75Z/setl_75kjhjwm09,96GWVRE19WP8W75Z,,157065,,ICICI,XXXXXX8830
banktxn_wqvmdo00hkjlvi8v,merch_apollo,2026-05-07,2026-05-07,NEFT/RAZORPAY/CQ2U2AJ7H60U6UZT/setl_mbcw6hzs4i,CQ2U2AJ7H60U6UZT,,90470,,HDFC,XXXXXX4021
banktxn_0lf7y1ijvi1k2k6l,merch_urbanco,2026-01-21,2026-01-21,NEFT/RAZORPAY/DVHZPVZ8REVO8GP4/setl_5gosdl9wco,DVHZPVZ8REVO8GP4,,97593,,Axis,XXXXXX1147
banktxn_yytbc3slmuzq6okz,merch_lenskart,2026-05-25,2026-05-25,NEFT/RAZORPAY/T02TG6ZZQZ8ZVMV6/setl_71kpqc8qbh,T02TG6ZZQZ8ZVMV6,,109317,,HDFC,XXXXXX9910
banktxn_ke9k8r3245y6bf1u,merch_apollo,2026-05-11,2026-05-11,NEFT/RAZORPAY/STBBMTXCREQX68E1/setl_mbcw6hzs4i,STBBMTXCREQX68E1,,151237,,HDFC,XXXXXX4021
banktxn_35d67fvws4yutxaf,merch_apollo,2026-03-10,2026-03-10,NEFT/RAZORPAY/KLBATTUT5CNYQ7P1/setl_mbcw6hzs4i,KLBATTUT5CNYQ7P1,,0,,HDFC,XXXXXX4021
banktxn_rxca30tdzplies06,merch_nykaa,2026-04-03,2026-04-03,NEFT/RAZORPAY/WTS6VKROFKV0CW4Y/setl_m2tthrsgdc,WTS6VKROFKV0CW4Y,,284068,,RazorpayX,RZPX00XXXX2201
banktxn_jnqv4a5ajzsrj4km,merch_bluedart,2026-04-09,2026-04-09,NEFT/RAZORPAY/MQNYG2IB53DSHSCR/setl_kow28zjh09,4WBW7JDLDLGBLR8Y,,171368,,Kotak,XXXXXX5567
banktxn_dlzj73fg54esc818,merch_zomato,2026-06-28,2026-06-28,NEFT/RAZORPAY/U5N5YEEEENPANL17/setl_75kjhjwm09,U5N5YEEEENPANL17,,319198,,ICICI,XXXXXX8830
banktxn_kccafp46zooj74l5,merch_lenskart,2026-01-02,2026-01-02,NEFT/RAZORPAY/9SNC8OIWPC835F0P/setl_71kpqc8qbh,9SNC8OIWPC835F0P,,291427,,HDFC,XXXXXX9910
banktxn_f6rqgorx09pzuizm,merch_zomato,2026-03-03,2026-03-03,NEFT/RAZORPAY/M7VGFJB71YJFYWC1/setl_75kjhjwm09,M7VGFJB71YJFYWC1,,98189,,ICICI,XXXXXX8830
banktxn_ha4j7n9fzssxv310,merch_apollo,2026-03-07,2026-03-07,NEFT/RAZORPAY/82QK4PM58PKGUCU2/setl_mbcw6hzs4i,82QK4PM58PKGUCU2,,0,,HDFC,XXXXXX4021
banktxn_lrnneh139rv5q4t8,merch_bluedart,2026-02-28,2026-02-28,NEFT/RAZORPAY/X6TN2TV94WZ1RQM3/setl_asrvbb1v54,X6TN2TV94WZ1RQM3,,406869,,Kotak,XXXXXX5567
banktxn_g4eyqk4toveu9vam,merch_bluedart,2026-02-01,2026-02-01,NEFT/RAZORPAY/UESZRPKMU7LLUA2C/setl_asrvbb1v54,UESZRPKMU7LLUA2C,,1888063,,Kotak,XXXXXX5567
banktxn_csepctmu2x4l4y0t,merch_bluedart,2026-06-01,2026-06-01,NEFT/RAZORPAY/EXJKFKHPY7QOBC30/setl_asrvbb1v54,EXJKFKHPY7QOBC30,,20464,,Kotak,XXXXXX5567
banktxn_d15g8cl8vhfi2t4p,merch_bluedart,2026-01-28,2026-01-28,NEFT/RAZORPAY/MCZDVRTEAQJARQSS/setl_asrvbb1v54,MCZDVRTEAQJARQSS,,1191192,,Kotak,XXXXXX5567
banktxn_aqo8jeh6ty4jx2yo,merch_urbanco,2026-02-05,2026-02-05,NEFT/RAZORPAY/PNIK54R33B89RLRV/setl_5gosdl9wco,PNIK54R33B89RLRV,,173981,,Axis,XXXXXX1147
banktxn_qpb2rzkpq209wzlj,merch_urbanco,2026-04-21,2026-04-21,NEFT/RAZORPAY/D55B49LLELD8I7AR/setl_5gosdl9wco,D55B49LLELD8I7AR,,45031,,Axis,XXXXXX1147
banktxn_eejhfvivn3rdpzld,merch_nykaa,2026-05-06,2026-05-06,NEFT/RAZORPAY/2CGCI5S433ELV2LY/setl_m2tthrsgdc,2CGCI5S433ELV2LY,,634879,,RazorpayX,RZPX00XXXX2201
banktxn_56ixoavwc8wikcx7,merch_zomato,2026-03-07,2026-03-07,NEFT/RAZORPAY/GRGB9NN88V4B0UJH/setl_e0umosjkft,GRGB9NN88V4B0UJH,,167447,,ICICI,XXXXXX8830
banktxn_qs4oizgfm7imip8o,merch_nykaa,2026-04-06,2026-04-06,NEFT/RAZORPAY/DJURHKBC9KCUUIBA/setl_m2tthrsgdc,DJURHKBC9KCUUIBA,,169139,,RazorpayX,RZPX00XXXX2201
banktxn_0zi2unxwa89u8jwk,merch_zomato,2026-05-28,2026-05-28,NEFT/RAZORPAY/BD82PQ9S8L2V0482/setl_e0umosjkft,BD82PQ9S8L2V0482,,62139,,ICICI,XXXXXX8830
banktxn_yuvsilh7wyeow0yx,merch_zomato,2026-01-05,2026-01-05,NEFT/RAZORPAY/2YEJ3R9O9NEPJJ4H/setl_e0umosjkft,2YEJ3R9O9NEPJJ4H,,122914,,ICICI,XXXXXX8830
banktxn_vb32fs8jv3g7m5c3,merch_nykaa,2026-05-23,2026-05-23,NEFT/RAZORPAY/2I6I7XNQ8FFDYF7P/setl_m2tthrsgdc,2I6I7XNQ8FFDYF7P,,14161,,RazorpayX,RZPX00XXXX2201
banktxn_zpue3c6osbx6ywny,merch_zomato,2026-04-10,2026-04-10,NEFT/RAZORPAY/DY734XSFDBIU6LAL/setl_e0umosjkft,DY734XSFDBIU6LAL,,80696,,ICICI,XXXXXX8830
banktxn_axlw4ixy0kl4mlqv,merch_lenskart,2026-02-26,2026-02-26,NEFT/RAZORPAY/ZYFFCDSXVDEKX3KZ/setl_71kpqc8qbh,ZYFFCDSXVDEKX3KZ,,0,,HDFC,XXXXXX9910
banktxn_80xbtvcgzdbgx1vg,merch_zomato,2026-03-29,2026-03-29,NEFT/RAZORPAY/18781VRLXDMV7UXR/setl_e0umosjkft,18781VRLXDMV7UXR,,721318,,ICICI,XXXXXX8830
banktxn_xr9nemodgyvib8gd,merch_urbanco,2026-05-08,2026-05-06,NEFT/RAZORPAY/SP93TAOQF7YNWLB6/setl_5gosdl9wco,SP93TAOQF7YNWLB6,,82694,,Axis,XXXXXX1147
banktxn_spmvrptmx5djeiht,merch_zomato,2026-06-19,2026-06-19,NEFT/RAZORPAY/SETTLEMENT CREDIT,,,0,,ICICI,XXXXXX8830
banktxn_52ustcnffqg5hj5a,merch_nykaa,2026-03-21,2026-03-21,NEFT/RAZORPAY/MCFXCTED72SJSP1C/setl_m2tthrsgdc,MCFXCTED72SJSP1C,,54287,,RazorpayX,RZPX00XXXX2201
banktxn_hx173l75wi8oj70a,merch_lenskart,2026-06-06,2026-06-06,NEFT/RAZORPAY/X2XKQRM97ODJXUZO/setl_71kpqc8qbh,X2XKQRM97ODJXUZO,,480755,,HDFC,XXXXXX9910
banktxn_hsm5lafxlzs9m1ot,merch_zomato,2026-02-10,2026-02-10,NEFT/RAZORPAY/I4TFFO7AEDCZ5ZGL/setl_e0umosjkft,I4TFFO7AEDCZ5ZGL,,441723,,ICICI,XXXXXX8830
banktxn_2yjbwk3ss28dry53,merch_lenskart,2026-04-25,2026-04-25,NEFT/RAZORPAY/OFXXAWABS0PUVTVF/setl_71kpqc8qbh,OFXXAWABS0PUVTVF,,476219,,HDFC,XXXXXX9910
banktxn_h3zguom91mobbjt7,merch_apollo,2026-04-27,2026-04-27,NEFT/RAZORPAY/006XJTRONCMO1S59/setl_ueqo5pt7sr,006XJTRONCMO1S59,,127091,,HDFC,XXXXXX4021
banktxn_vz7wg7jtobfw2apv,merch_urbanco,2026-01-09,2026-01-09,NEFT/RAZORPAY/FDR5Z6FKLRNTAT9Z/setl_5gosdl9wco,FDR5Z6FKLRNTAT9Z,,143238,,Axis,XXXXXX1147
banktxn_ysx03kbg9e8mmgcc,merch_bluedart,2026-06-06,2026-06-06,NEFT/RAZORPAY/1DLWS5V3B03MKN06/setl_asrvbb1v54,1DLWS5V3B03MKN06,,0,,Kotak,XXXXXX5567
banktxn_jba6dyidd85fe233,merch_zomato,2026-01-03,2026-01-03,NEFT/RAZORPAY/ZMOHMX5S4D2EA9ZI/setl_e0umosjkft,ZMOHMX5S4D2EA9ZI,,897032,,ICICI,XXXXXX8830
banktxn_ytgs9qsdaox7eq4l,merch_urbanco,2026-05-04,2026-05-04,NEFT/RAZORPAY/S75XU8IX7XS1RCDU/setl_g44bhb9q3r,S75XU8IX7XS1RCDU,,15442,,Axis,XXXXXX1147
banktxn_prd8lrwyomsjwfpt,merch_nykaa,2026-02-25,2026-02-25,NEFT/RAZORPAY/VTYWU7C0WGWDV802/setl_0q70r2eex9,VTYWU7C0WGWDV802,,971496,,RazorpayX,RZPX00XXXX2201
banktxn_l8vg97p6mvmj70gk,merch_urbanco,2026-04-28,2026-04-28,NEFT/RAZORPAY/BQIVV1U1DILOB4MM/setl_g44bhb9q3r,BQIVV1U1DILOB4MM,,208926,,Axis,XXXXXX1147
banktxn_nfytvn7j8kw1vi9a,merch_nykaa,2026-06-21,2026-06-21,NEFT/RAZORPAY/NAGHJM1SRKJTXW6K/setl_0q70r2eex9,NAGHJM1SRKJTXW6K,,11183,,RazorpayX,RZPX00XXXX2201
banktxn_sr6mzg9m55yuibaf,merch_nykaa,2026-06-11,2026-06-11,NEFT/RAZORPAY/B8PECS22M74D5B99/setl_0q70r2eex9,B8PECS22M74D5B99,,346587,,RazorpayX,RZPX00XXXX2201
banktxn_zik6bqlbvqqsf6ln,merch_nykaa,2026-01-16,2026-01-16,NEFT/RAZORPAY/SETTLEMENT CREDIT,,,229336,,RazorpayX,RZPX00XXXX2201
banktxn_64g0zhwtg9q7mjt7,merch_bluedart,2026-01-08,2026-01-08,NEFT/RAZORPAY/1L8M5DPBUBKYP7WB/setl_asrvbb1v54,1L8M5DPBUBKYP7WB,,219793,,Kotak,XXXXXX5567
banktxn_hx67t99l7bkujx7m,merch_zomato,2026-03-30,2026-03-30,NEFT/RAZORPAY/O6CGOZEF8UPP5ODW/setl_e0umosjkft,O6CGOZEF8UPP5ODW,,17372,,ICICI,XXXXXX8830
banktxn_bzl60f04qh2h1etp,merch_lenskart,2026-04-23,2026-04-23,NEFT/RAZORPAY/RCI8DK8HCV72H6TP/setl_71kpqc8qbh,RCI8DK8HCV72H6TP,,1681324,,HDFC,XXXXXX9910
banktxn_rc12orkz3ih1pqjj,merch_nykaa,2026-06-23,2026-06-23,NEFT/RAZORPAY/BG0F3A8WEJCOHJNO/setl_0q70r2eex9,BG0F3A8WEJCOHJNO,,395955,,RazorpayX,RZPX00XXXX2201
banktxn_teiwkrcnu88c5k8p,merch_bluedart,2026-06-21,2026-06-21,NEFT/RAZORPAY/ERGOJJ897PQXAWRV/setl_asrvbb1v54,ERGOJJ897PQXAWRV,,746492,,Kotak,XXXXXX5567
banktxn_28ouj6b5pewagkob,merch_urbanco,2026-06-03,2026-06-03,NEFT/RAZORPAY/8ADAFMJECVGKDRLP/setl_g44bhb9q3r,8ADAFMJECVGKDRLP,,252446,,Axis,XXXXXX1147
banktxn_phaxrcxqw06bqoc3,merch_nykaa,2026-04-02,2026-04-02,NEFT/RAZORPAY/AY03QGXQ7KSTDBHP/setl_0q70r2eex9,AY03QGXQ7KSTDBHP,,0,,RazorpayX,RZPX00XXXX2201
banktxn_y0pogjznquzowapw,merch_apollo,2026-06-21,2026-06-21,NEFT/RAZORPAY/1PXIJFDX1AKHV5BU/setl_ueqo5pt7sr,1PXIJFDX1AKHV5BU,,140014,,HDFC,XXXXXX4021
banktxn_2pelm6v9pcihmkqn,merch_zomato,2026-03-24,2026-03-22,NEFT/RAZORPAY/71M2JJAY6QJKW2X6/setl_e0umosjkft,71M2JJAY6QJKW2X6,,642694,,ICICI,XXXXXX8830
banktxn_nyhyzkjtqb0reiwo,merch_zomato,2026-03-24,2026-03-24,NEFT/RAZORPAY/2S44DWCM4GRFNITP/setl_3n275o118r,2S44DWCM4GRFNITP,,482866,,ICICI,XXXXXX8830
banktxn_hr5p7l34yq1l0fk2,merch_lenskart,2026-03-07,2026-03-07,NEFT/RAZORPAY/W97TRR3EYFGVXR9Q/setl_71kpqc8qbh,W97TRR3EYFGVXR9Q,,169236,,HDFC,XXXXXX9910
banktxn_le1hjkotmw4zpf8j,merch_lenskart,2026-04-16,2026-04-16,NEFT/RAZORPAY/ZT14M8M3QFLJ7RSX/setl_71kpqc8qbh,ZT14M8M3QFLJ7RSX,,508690,,HDFC,XXXXXX9910
banktxn_ql12f41yktzzakxh,merch_lenskart,2026-06-11,2026-06-11,NEFT/RAZORPAY/QY5EW7182YVJ2BYE/setl_71kpqc8qbh,QY5EW7182YVJ2BYX,,116989,,HDFC,XXXXXX9910
banktxn_j6twpw2gaxyvwakx,merch_nykaa,2026-03-04,2026-03-04,NEFT/RAZORPAY/8S9Q0OLURWARU9XB/setl_0q70r2eex9,8S9Q0OLURWARU9XB,,108753,,RazorpayX,RZPX00XXXX2201
banktxn_0j91omkhh0z0kz9x,merch_lenskart,2026-01-10,2026-01-10,NEFT/RAZORPAY/5Q16R5NJAMFK8NFS/setl_6vkozapy4g,5Q16R5NJAMFK8NFS,,682555,,HDFC,XXXXXX9910
banktxn_zrrden5kwy1t0kc8_split2,merch_zomato,2026-04-28,2026-04-28,NEFT/RAZORPAY/FVY5HL01A6ST3NK9/setl_n2p6lw4hzy,FVY5HL01A6ST3NK9,,113877,,ICICI,XXXXXX8830
banktxn_tv7m57g7epjjsua6_split2,merch_zomato,2026-05-22,2026-05-22,NEFT/RAZORPAY/QWONBUJX7BQIKIX8/setl_75kjhjwm09,QWONBUJX7BQIKIX8,,62023,,ICICI,XXXXXX8830
banktxn_51ja1wi5wbyqkh2t_split2,merch_lenskart,2026-05-23,2026-05-23,NEFT/RAZORPAY/O6SH31NVNXDGIMHA/setl_aotum1hp6p,O6SH31NVNXDGIMHA,,147005,,HDFC,XXXXXX9910
banktxn_btnngv37hbl1fcrf_split2,merch_lenskart,2026-03-28,2026-03-28,NEFT/RAZORPAY/W3ZMPZFK3M6XFHJ1/setl_8msqkv5blg,W3ZMPZFK3M6XFHJ1,,4990,,HDFC,XXXXXX9910
banktxn_ri65651q6vy6sw2i_split2,merch_lenskart,2026-02-04,2026-02-04,NEFT/RAZORPAY/YRXL7BTRNBZAYROI/setl_feoxkbs04v,YRXL7BTRNBZAYROI,,49234,,HDFC,XXXXXX9910
banktxn_ec7v5gtkmg4azaib_split2,merch_lenskart,2026-01-09,2026-01-09,NEFT/RAZORPAY/XN1AF1M1RRS6GYLE/setl_b1c5euzy3a,XN1AF1M1RRS6GYLE,,58186,,HDFC,XXXXXX9910
