entity_id,entity_type,settlement_id,settlement_utr,order_id,amount_paise,currency,fee_paise,tax_paise,net_amount_paise,payment_method,captured_at,settled_at,description,notes,status
pay_000001,payment,setl_00000,RZP000000000001,order_000001,46928,INR,939,169,45820,card,2026-02-27T04:45:00Z,2026-03-01T04:45:00Z,Order order_000001,{'customer_id': 'cust_0457'},captured
pay_000003,payment,setl_00000,RZP000000000003,order_000003,356193,INR,0,0,356193,upi,2026-02-26T15:19:00Z,2026-02-28T15:19:00Z,Order order_000003,{'customer_id': 'cust_0004'},captured
pay_000004,payment,setl_00000,RZP000000000004,order_000004,53728,INR,967,174,52587,netbanking,2026-03-13T05:18:00Z,2026-03-14T05:18:00Z,Order order_000004,{'customer_id': 'cust_0053'},captured
pay_000008,payment,setl_00000,RZP000000000008,order_000008,73264,INR,0,0,73264,upi,2026-06-29T23:19:00Z,2026-07-01T23:19:00Z,Order order_000008,{'customer_id': 'cust_0088'},captured
pay_000011,payment,setl_00000,RZP000000000011,order_000011,59750,INR,1076,194,58480,wallet,2026-04-12T21:56:00Z,2026-04-14T21:56:00Z,Order order_000011,{'customer_id': 'cust_0127'},captured
pay_000015,payment,setl_00000,RZP000000000015,order_000015,417980,INR,7524,1354,409102,netbanking,2026-03-17T14:50:00Z,2026-03-18T14:50:00Z,Order order_000015,{'customer_id': 'cust_0369'},captured
pay_000017,payment,setl_00000,RZP000000000017,order_000017,132666,INR,0,0,132666,upi,2026-05-16T00:01:00Z,2026-05-18T00:01:00Z,Order order_000017,{'customer_id': 'cust_0058'},captured
pay_000018,payment,setl_00000,RZP000000000018,order_000018,118722,INR,2137,385,116200,wallet,2026-05-26T02:41:00Z,2026-05-27T02:41:00Z,Order order_000018,{'customer_id': 'cust_0036'},captured
pay_000020,payment,setl_00001,RZP000000000020,order_000020,147919,INR,2663,479,144777,wallet,2026-05-19T23:32:00Z,2026-05-20T23:32:00Z,Order order_000020,{'customer_id': 'cust_0344'},captured
pay_000023,payment,setl_00001,RZP000000000023,order_000023,188256,INR,0,0,188256,upi,2026-05-05T07:18:00Z,2026-05-07T07:18:00Z,Order order_000023,{'customer_id': 'cust_0452'},captured
pay_000026,payment,setl_00001,RZP000000000026,order_000026,362178,INR,6519,1173,354486,netbanking,2026-02-19T06:29:00Z,2026-02-21T06:29:00Z,Order order_000026,{'customer_id': 'cust_0094'},captured
pay_000029,payment,setl_00001,RZP000000000029,order_000029,528717,INR,0,0,528717,upi,2026-04-19T23:46:00Z,2026-04-26T23:46:00Z,Order order_000029,{'customer_id': 'cust_0285'},captured
pay_000033,payment,setl_00001,RZP000000000033,order_000033,380912,INR,7618,1371,371923,card,2026-03-22T08:54:00Z,2026-03-23T08:54:00Z,Order order_000033,{'customer_id': 'cust_0123'},captured
pay_000034,payment,setl_00001,RZP000000000034,order_000034,21197,INR,0,0,21197,upi,2026-04-28T10:47:00Z,2026-05-01T10:47:00Z,Order order_000034,{'customer_id': 'cust_0005'},captured
pay_000040,payment,setl_00002,RZP000000000040,order_000040,841728,INR,0,0,841728,upi,2026-03-09T05:30:00Z,2026-03-11T05:30:00Z,Order order_000040,{'customer_id': 'cust_0219'},captured
pay_000041,payment,setl_00002,RZP000000000041,order_000041,287015,INR,5740,1033,280242,card,2026-01-10T12:36:00Z,2026-01-12T12:36:00Z,Order order_000041,{'customer_id': 'cust_0066'},captured
pay_000044,payment,setl_00002,RZP000000000044,order_000044,485699,INR,0,0,485699,upi,2026-06-21T08:28:00Z,2026-06-22T08:28:00Z,Order order_000044,{'customer_id': 'cust_0056'},captured
pay_000045,payment,setl_00002,RZP000000000045,order_000045,30065,INR,0,0,30065,upi,2026-02-21T15:42:00Z,2026-02-23T15:42:00Z,Order order_000045,{'customer_id': 'cust_0447'},captured
pay_000048,payment,setl_00002,RZP000000000048,order_000048,499128,INR,0,0,499128,upi,2026-01-12T14:53:00Z,2026-01-13T14:53:00Z,Order order_000048,{'customer_id': 'cust_0276'},captured
pay_000054,payment,setl_00002,RZP000000000054,order_000054,81933,INR,1639,295,79999,card,2026-02-20T05:01:00Z,2026-02-21T05:01:00Z,Order order_000054,{'customer_id': 'cust_0244'},captured
pay_000055,payment,setl_00002,RZP000000000055,order_000055,498875,INR,9978,1796,487101,card,2026-06-11T19:38:00Z,2026-06-12T19:38:00Z,Order order_000055,{'customer_id': 'cust_0254'},captured
pay_000056,payment,setl_00002,RZP000000000056,order_000056,17722,INR,0,0,17722,upi,2026-01-28T14:30:00Z,2026-01-29T14:30:00Z,Order order_000056,{'customer_id': 'cust_0357'},captured
pay_000060,payment,setl_00003,RZP000000000060,order_000060,548128,INR,0,0,548128,upi,2026-03-03T09:22:00Z,2026-03-05T09:22:00Z,Order order_000060,{'customer_id': 'cust_0121'},captured
pay_000063,payment,setl_00003,RZP000000000063,order_000063,319224,INR,5746,1034,312444,wallet,2026-05-28T12:59:00Z,2026-05-30T12:59:00Z,Order order_000063,{'customer_id': 'cust_0153'},captured
pay_000067,payment,setl_00003,RZP000000000067,order_000067,74575,INR,1342,242,72991,wallet,2026-03-25T07:13:00Z,2026-03-27T07:13:00Z,Order order_000067,{'customer_id': 'cust_0451'},captured
pay_000071,payment,setl_00003,RZP000000000071,order_000071,349896,INR,6998,1260,341638,card,2026-06-05T03:54:00Z,2026-06-07T03:54:00Z,Order order_000071,{'customer_id': 'cust_0160'},captured
pay_000072,payment,setl_00003,RZP000000000072,order_000072,43738,INR,0,0,43738,upi,2026-06-23T12:48:00Z,2026-06-25T12:48:00Z,Order order_000072,{'customer_id': 'cust_0039'},captured
pay_000074,payment,setl_00003,RZP000000000074,order_000074,208295,INR,3749,675,203871,netbanking,2026-05-17T14:37:00Z,2026-05-19T14:37:00Z,Order order_000074,{'customer_id': 'cust_0007'},captured
pay_000077,payment,setl_00003,RZP000000000077,order_000077,67515,INR,0,0,67515,upi,2026-06-06T22:48:00Z,2026-06-08T22:48:00Z,Order order_000077,{'customer_id': 'cust_0094'},captured
pay_000078,payment,setl_00003,RZP000000000078,order_000078,120837,INR,2417,435,117985,card,2026-03-13T20:20:00Z,2026-03-15T20:20:00Z,Order order_000078,{'customer_id': 'cust_0006'},captured
pay_000081,payment,setl_00004,RZP000000000081,order_000081,98845,INR,1977,356,96512,card,2026-03-30T14:31:00Z,2026-04-06T14:31:00Z,Order order_000081,{'customer_id': 'cust_0181'},captured
pay_000082,payment,setl_00004,RZP000000000082,order_000082,96296,INR,1733,312,94251,netbanking,2026-01-31T06:34:00Z,2026-02-02T06:34:00Z,Order order_000082,{'customer_id': 'cust_0487'},captured
pay_000087,payment,setl_00004,RZP000000000087,order_000087,546708,INR,10934,1968,533806,card,2026-01-19T19:41:00Z,2026-01-21T19:41:00Z,Order order_000087,{'customer_id': 'cust_0156'},captured
pay_000088,payment,setl_00004,RZP000000000088,order_000088,55947,INR,0,0,55947,upi,2026-04-17T20:41:00Z,2026-04-19T20:41:00Z,Order order_000088,{'customer_id': 'cust_0398'},captured
pay_000092,payment,setl_00004,RZP000000000092,order_000092,57158,INR,1029,185,55944,wallet,2026-03-09T21:20:00Z,2026-03-11T21:20:00Z,Order order_000092,{'customer_id': 'cust_0102'},captured
pay_000093,payment,setl_00004,RZP000000000093,order_000093,234572,INR,0,0,234572,upi,2026-03-10T04:51:00Z,2026-03-11T04:51:00Z,Order order_000093,{'customer_id': 'cust_0158'},captured
pay_000094,payment,setl_00004,RZP000000000094,order_000094,142829,INR,2857,514,139458,card,2026-03-19T23:53:00Z,2026-03-21T23:53:00Z,Order order_000094,{'customer_id': 'cust_0277'},captured
pay_000100,payment,setl_00005,RZP000000000100,order_000100,743018,INR,0,0,743018,upi,2026-01-14T06:24:00Z,2026-01-16T06:24:00Z,Order order_000100,{'customer_id': 'cust_0256'},captured
pay_000102,payment,setl_00005,RZP000000000102,order_000102,1511071,INR,30221,5440,1475410,card,2026-03-21T18:48:00Z,2026-03-22T18:48:00Z,Order order_000102,{'customer_id': 'cust_0116'},captured
pay_000103,payment,setl_00005,RZP000000000103,order_000103,876426,INR,21911,3944,850571,emi,2026-01-31T22:06:00Z,2026-02-03T22:06:00Z,Order order_000103,{'customer_id': 'cust_0367'},captured
pay_000105,payment,setl_00005,RZP000000000105,order_000105,404958,INR,0,0,404958,upi,2026-02-04T02:22:00Z,2026-02-05T02:22:00Z,Order order_000105,{'customer_id': 'cust_0213'},captured
pay_000106,payment,setl_00005,RZP000000000106,order_000106,405718,INR,0,0,405718,upi,2026-01-01T09:39:00Z,2026-01-03T09:39:00Z,Order order_000106,{'customer_id': 'cust_0297'},captured
pay_000108,payment,setl_00005,RZP000000000108,order_000108,33926,INR,0,0,33926,upi,2026-04-16T01:29:00Z,2026-04-18T01:29:00Z,Order order_000108,{'customer_id': 'cust_0468'},captured
pay_000112,payment,setl_00005,RZP000000000112,order_000112,97579,INR,0,0,97579,upi,2026-01-26T21:37:00Z,2026-01-28T21:37:00Z,Order order_000112,{'customer_id': 'cust_0086'},captured
pay_000113,payment,setl_00005,RZP000000000113,order_000113,428448,INR,8569,1542,418337,card,2026-04-06T14:42:00Z,2026-04-07T14:42:00Z,Order order_000113,{'customer_id': 'cust_0290'},captured
pay_000115,payment,setl_00005,RZP000000000115,order_000115,39441,INR,789,142,38510,card,2026-04-28T08:42:00Z,2026-04-30T08:42:00Z,Order order_000115,{'customer_id': 'cust_0239'},captured
pay_000116,payment,setl_00005,RZP000000000116,order_000116,279122,INR,5024,904,273194,wallet,2026-04-24T11:47:00Z,2026-05-01T11:47:00Z,Order order_000116,{'customer_id': 'cust_0493'},captured
pay_000117,payment,setl_00005,RZP000000000117,order_000117,66094,INR,0,0,66094,upi,2026-05-04T03:38:00Z,2026-05-05T03:38:00Z,Order order_000117,{'customer_id': 'cust_0295'},captured
pay_000119,payment,setl_00005,RZP000000000119,order_000119,279407,INR,0,0,279407,upi,2026-03-15T07:51:00Z,2026-03-17T07:51:00Z,Order order_000119,{'customer_id': 'cust_0326'},captured
pay_000121,payment,setl_00006,RZP000000000121,order_000121,39842,INR,797,143,38902,card,2026-02-03T03:04:00Z,2026-02-06T03:04:00Z,Order order_000121,{'customer_id': 'cust_0213'},captured
pay_000122,payment,setl_00006,RZP000000000122,order_000122,34929,INR,0,0,34929,upi,2026-04-04T18:07:00Z,2026-04-06T18:07:00Z,Order order_000122,{'customer_id': 'cust_0085'},captured
pay_000126,payment,setl_00006,RZP000000000126,order_000126,702784,INR,14056,2530,686198,card,2026-06-06T07:33:00Z,2026-06-08T07:33:00Z,Order order_000126,{'customer_id': 'cust_0238'},captured
pay_000128,payment,setl_00006,RZP000000000128,order_000128,55526,INR,0,0,55526,upi,2026-04-10T15:29:00Z,2026-04-12T15:29:00Z,Order order_000128,{'customer_id': 'cust_0357'},captured
pay_000129,payment,setl_00006,RZP000000000129,order_000129,94768,INR,1706,307,92755,wallet,2026-02-09T14:09:00Z,2026-02-11T14:09:00Z,Order order_000129,{'customer_id': 'cust_0316'},captured
pay_000131,payment,setl_00006,RZP000000000131,order_000131,248334,INR,4470,805,243059,wallet,2026-03-12T06:28:00Z,2026-03-19T06:28:00Z,Order order_000131,{'customer_id': 'cust_0422'},captured
pay_000132,payment,setl_00006,RZP000000000132,order_000132,460643,INR,9213,1658,449772,card,2026-06-02T00:43:00Z,2026-06-03T00:43:00Z,Order order_000132,{'customer_id': 'cust_0065'},captured
pay_000133,payment,setl_00006,RZP000000000133,order_000133,236799,INR,4262,767,231770,netbanking,2026-03-01T11:12:00Z,2026-03-03T11:12:00Z,Order order_000133,{'customer_id': 'cust_0306'},captured
pay_000135,payment,setl_00006,RZP000000000135,order_000135,55496,INR,999,180,54317,wallet,2026-03-02T20:05:00Z,2026-03-04T20:05:00Z,Order order_000135,{'customer_id': 'cust_0027'},captured
pay_000138,payment,setl_00006,RZP000000000138,order_000138,152516,INR,0,0,152516,upi,2026-04-24T02:30:00Z,2026-04-27T02:30:00Z,Order order_000138,{'customer_id': 'cust_0076'},captured
pay_000141,payment,setl_00007,RZP000000000141,order_000141,676953,INR,13539,2437,660977,card,2026-02-28T14:07:00Z,2026-03-02T14:07:00Z,Order order_000141,{'customer_id': 'cust_0213'},captured
pay_000146,payment,setl_00007,RZP000000000146,order_000146,67352,INR,0,0,67352,upi,2026-05-24T21:13:00Z,2026-05-26T21:13:00Z,Order order_000146,{'customer_id': 'cust_0014'},captured
pay_000148,payment,setl_00007,RZP000000000148,order_000148,227071,INR,0,0,227071,upi,2026-02-06T21:36:00Z,2026-02-13T21:36:00Z,Order order_000148,{'customer_id': 'cust_0272'},captured
pay_000149,payment,setl_00007,RZP000000000149,order_000149,140755,INR,0,0,140755,upi,2026-04-05T10:38:00Z,2026-04-07T10:38:00Z,Order order_000149,{'customer_id': 'cust_0291'},captured
pay_000150,payment,setl_00007,RZP000000000150,order_000150,460344,INR,9207,1657,449480,card,2026-06-08T01:41:00Z,2026-06-10T01:41:00Z,Order order_000150,{'customer_id': 'cust_0339'},captured
pay_000156,payment,setl_00007,RZP000000000156,order_000156,379198,INR,7584,1365,370249,card,2026-01-30T13:49:00Z,2026-01-31T13:49:00Z,Order order_000156,{'customer_id': 'cust_0411'},captured
pay_000159,payment,setl_00007,RZP000000000159,order_000159,35729,INR,715,129,34885,card,2026-03-31T11:59:00Z,2026-04-02T11:59:00Z,Order order_000159,{'customer_id': 'cust_0418'},captured
pay_000165,payment,setl_00008,RZP000000000165,order_000165,1291195,INR,0,0,1291195,upi,2026-02-18T10:58:00Z,2026-02-20T10:58:00Z,Order order_000165,{'customer_id': 'cust_0491'},captured
pay_000172,payment,setl_00008,RZP000000000172,order_000172,94129,INR,1883,339,91907,card,2026-01-20T10:05:00Z,2026-01-23T10:05:00Z,Order order_000172,{'customer_id': 'cust_0395'},captured
pay_000180,payment,setl_00009,RZP000000000180,order_000180,822207,INR,14800,2664,804743,wallet,2026-04-12T17:08:00Z,2026-04-14T17:08:00Z,Order order_000180,{'customer_id': 'cust_0042'},captured
pay_000184,payment,setl_00009,RZP000000000184,order_000184,180667,INR,3613,650,176404,card,2026-06-11T17:35:00Z,2026-06-13T17:35:00Z,Order order_000184,{'customer_id': 'cust_0150'},captured
pay_000189,payment,setl_00009,RZP000000000189,order_000189,84892,INR,1698,306,82888,card,2026-04-28T01:15:00Z,2026-04-29T01:15:00Z,Order order_000189,{'customer_id': 'cust_0478'},captured
pay_000193,payment,setl_00009,RZP000000000193,order_000193,300350,INR,5406,973,293971,netbanking,2026-06-04T06:09:00Z,2026-06-06T06:09:00Z,Order order_000193,{'customer_id': 'cust_0041'},captured
pay_000194,payment,setl_00009,RZP000000000194,order_000194,84617,INR,0,0,84617,upi,2026-04-20T05:41:00Z,2026-04-22T05:41:00Z,Order order_000194,{'customer_id': 'cust_0022'},captured
pay_000195,payment,setl_00009,RZP000000000195,order_000195,1631852,INR,29373,5287,1597192,netbanking,2026-04-22T09:22:00Z,2026-04-24T09:22:00Z,Order order_000195,{'customer_id': 'cust_0030'},captured
pay_000197,payment,setl_00009,RZP000000000197,order_000197,156295,INR,3126,563,152606,card,2026-03-02T22:01:00Z,2026-03-04T22:01:00Z,Order order_000197,{'customer_id': 'cust_0291'},captured
pay_000198,payment,setl_00009,RZP000000000198,order_000198,49423,INR,0,0,49423,upi,2026-04-05T12:41:00Z,2026-04-07T12:41:00Z,Order order_000198,{'customer_id': 'cust_0161'},captured
pay_000199,payment,setl_00009,RZP000000000199,order_000199,101088,INR,2022,364,98702,card,2026-02-17T17:02:00Z,2026-02-19T17:02:00Z,Order order_000199,{'customer_id': 'cust_0061'},captured
pay_000201,payment,setl_00010,RZP000000000201,order_000201,680587,INR,0,0,680587,upi,2026-04-24T02:59:00Z,2026-04-27T02:59:00Z,Order order_000201,{'customer_id': 'cust_0164'},captured
pay_000202,payment,setl_00010,RZP000000000202,order_000202,471539,INR,9431,1698,460410,card,2026-03-16T10:14:00Z,2026-03-19T10:14:00Z,Order order_000202,{'customer_id': 'cust_0475'},captured
pay_000205,payment,setl_00010,RZP000000000205,order_000205,425828,INR,0,0,425828,upi,2026-04-16T13:58:00Z,2026-04-19T13:58:00Z,Order order_000205,{'customer_id': 'cust_0329'},captured
pay_000210,payment,setl_00010,RZP000000000210,order_000210,2470821,INR,0,0,2470821,upi,2026-03-28T19:14:00Z,2026-03-29T19:14:00Z,Order order_000210,{'customer_id': 'cust_0042'},captured
pay_000212,payment,setl_00010,RZP000000000212,order_000212,1053270,INR,0,0,1053270,upi,2026-06-14T10:18:00Z,2026-06-16T10:18:00Z,Order order_000212,{'customer_id': 'cust_0351'},captured
pay_000213,payment,setl_00010,RZP000000000213,order_000213,132991,INR,0,0,132991,upi,2026-02-10T15:00:00Z,2026-02-12T15:00:00Z,Order order_000213,{'customer_id': 'cust_0175'},captured
pay_000214,payment,setl_00010,RZP000000000214,order_000214,45946,INR,919,165,44862,card,2026-03-30T13:36:00Z,2026-03-31T13:36:00Z,Order order_000214,{'customer_id': 'cust_0288'},captured
pay_000220,payment,setl_00011,RZP000000000220,order_000220,121460,INR,2429,437,118594,card,2026-04-09T17:12:00Z,2026-04-11T17:12:00Z,Order order_000220,{'customer_id': 'cust_0423'},captured
pay_000227,payment,setl_00011,RZP000000000227,order_000227,301128,INR,6023,1084,294021,card,2026-04-23T10:42:00Z,2026-04-25T10:42:00Z,Order order_000227,{'customer_id': 'cust_0105'},captured
pay_000228,payment,setl_00011,RZP000000000228,order_000228,74053,INR,0,0,74053,upi,2026-06-19T16:19:00Z,2026-06-21T16:19:00Z,Order order_000228,{'customer_id': 'cust_0089'},captured
pay_000230,payment,setl_00011,RZP000000000230,order_000230,667298,INR,13346,2402,651550,card,2026-03-18T07:40:00Z,2026-03-21T07:40:00Z,Order order_000230,{'customer_id': 'cust_0395'},captured
pay_000233,payment,setl_00011,RZP000000000233,order_000233,437556,INR,10939,1969,424648,emi,2026-03-15T02:41:00Z,2026-03-17T02:41:00Z,Order order_000233,{'customer_id': 'cust_0132'},captured
pay_000235,payment,setl_00011,RZP000000000235,order_000235,381058,INR,0,0,381058,upi,2026-06-13T07:56:00Z,2026-06-14T07:56:00Z,Order order_000235,{'customer_id': 'cust_0368'},captured
pay_000236,payment,setl_00011,RZP000000000236,order_000236,278626,INR,5573,1003,272050,card,2026-05-21T05:23:00Z,2026-05-23T05:23:00Z,Order order_000236,{'customer_id': 'cust_0450'},captured
pay_000241,payment,setl_00012,RZP000000000241,order_000241,215627,INR,5391,970,209266,emi,2026-02-04T17:12:00Z,2026-02-06T17:12:00Z,Order order_000241,{'customer_id': 'cust_0058'},captured
pay_000242,payment,setl_00012,RZP000000000242,order_000242,699374,INR,0,0,699374,upi,2026-02-17T00:28:00Z,2026-02-19T00:28:00Z,Order order_000242,{'customer_id': 'cust_0291'},captured
pay_000247,payment,setl_00012,RZP000000000247,order_000247,60492,INR,0,0,60492,upi,2026-02-26T04:33:00Z,2026-02-28T04:33:00Z,Order order_000247,{'customer_id': 'cust_0311'},captured
pay_000248,payment,setl_00012,RZP000000000248,order_000248,2625577,INR,0,0,2625577,upi,2026-02-25T08:26:00Z,2026-02-27T08:26:00Z,Order order_000248,{'customer_id': 'cust_0404'},captured
pay_000252,payment,setl_00012,RZP000000000252,order_000252,121061,INR,0,0,121061,upi,2026-01-06T13:30:00Z,2026-01-07T13:30:00Z,Order order_000252,{'customer_id': 'cust_0217'},captured
pay_000253,payment,setl_00012,RZP000000000253,order_000253,80266,INR,0,0,80266,upi,2026-06-14T22:02:00Z,2026-06-21T22:02:00Z,Order order_000253,{'customer_id': 'cust_0457'},captured
pay_000256,payment,setl_00012,RZP000000000256,order_000256,219838,INR,4397,791,214650,card,2026-02-28T08:26:00Z,2026-03-02T08:26:00Z,Order order_000256,{'customer_id': 'cust_0097'},captured
pay_000259,payment,setl_00012,RZP000000000259,order_000259,33956,INR,0,0,33956,upi,2026-05-19T07:24:00Z,2026-05-21T07:24:00Z,Order order_000259,{'customer_id': 'cust_0072'},captured
pay_000260,payment,setl_00013,RZP000000000260,order_000260,17156,INR,343,62,16751,card,2026-05-28T10:53:00Z,2026-05-30T10:53:00Z,Order order_000260,{'customer_id': 'cust_0420'},captured
pay_000263,payment,setl_00013,RZP000000000263,order_000263,428826,INR,10721,1930,416175,emi,2026-04-17T13:56:00Z,2026-04-18T13:56:00Z,Order order_000263,{'customer_id': 'cust_0387'},captured
pay_000265,payment,setl_00013,RZP000000000265,order_000265,200010,INR,0,0,200010,upi,2026-03-07T06:56:00Z,2026-03-09T06:56:00Z,Order order_000265,{'customer_id': 'cust_0190'},captured
pay_000269,payment,setl_00013,RZP000000000269,order_000269,106763,INR,1922,346,104495,netbanking,2026-04-02T10:31:00Z,2026-04-03T10:31:00Z,Order order_000269,{'customer_id': 'cust_0255'},captured
pay_000271,payment,setl_00013,RZP000000000271,order_000271,235392,INR,4237,763,230392,wallet,2026-04-17T10:04:00Z,2026-04-18T10:04:00Z,Order order_000271,{'customer_id': 'cust_0195'},captured
pay_000273,payment,setl_00013,RZP000000000273,order_000273,451339,INR,8124,1462,441753,netbanking,2026-04-01T05:46:00Z,2026-04-02T05:46:00Z,Order order_000273,{'customer_id': 'cust_0095'},captured
pay_000276,payment,setl_00013,RZP000000000276,order_000276,150173,INR,0,0,150173,upi,2026-03-12T18:17:00Z,2026-03-19T18:17:00Z,Order order_000276,{'customer_id': 'cust_0346'},captured
pay_000277,payment,setl_00013,RZP000000000277,order_000277,1104206,INR,0,0,1104206,upi,2026-03-03T06:33:00Z,2026-03-05T06:33:00Z,Order order_000277,{'customer_id': 'cust_0182'},captured
pay_000278,payment,setl_00013,RZP000000000278,order_000278,128878,INR,0,0,128878,upi,2026-04-14T15:40:00Z,2026-04-16T15:40:00Z,Order order_000278,{'customer_id': 'cust_0116'},captured
pay_000286,payment,setl_00014,RZP000000000286,order_000286,1534799,INR,30696,5525,1498578,card,2026-01-22T09:08:00Z,2026-01-23T09:08:00Z,Order order_000286,{'customer_id': 'cust_0325'},captured
pay_000293,payment,setl_00014,RZP000000000293,order_000293,459931,INR,9199,1656,449076,card,2026-03-27T14:41:00Z,2026-03-30T14:41:00Z,Order order_000293,{'customer_id': 'cust_0499'},captured
pay_000294,payment,setl_00014,RZP000000000294,order_000294,64201,INR,1284,231,62686,card,2026-06-27T06:51:00Z,2026-06-29T06:51:00Z,Order order_000294,{'customer_id': 'cust_0204'},captured
pay_000295,payment,setl_00014,RZP000000000295,order_000295,44254,INR,1106,199,42949,emi,2026-05-06T19:39:00Z,2026-05-08T19:39:00Z,Order order_000295,{'customer_id': 'cust_0144'},captured
pay_000296,payment,setl_00014,RZP000000000296,order_000296,140988,INR,2538,457,137993,netbanking,2026-05-25T06:49:00Z,2026-05-27T06:49:00Z,Order order_000296,{'customer_id': 'cust_0350'},captured
pay_000302,payment,setl_00015,RZP000000000302,order_000302,332268,INR,8307,1495,322466,emi,2026-03-26T14:41:00Z,2026-03-27T14:41:00Z,Order order_000302,{'customer_id': 'cust_0114'},captured
pay_000303,payment,setl_00015,RZP000000000303,order_000303,198277,INR,3966,714,193597,card,2026-05-28T07:32:00Z,2026-05-30T07:32:00Z,Order order_000303,{'customer_id': 'cust_0396'},captured
pay_000304,payment,setl_00015,RZP000000000304,order_000304,286874,INR,5737,1033,280104,card,2026-01-07T16:28:00Z,2026-01-08T16:28:00Z,Order order_000304,{'customer_id': 'cust_0493'},captured
pay_000307,payment,setl_00015,RZP000000000307,order_000307,40500,INR,729,131,39640,netbanking,2026-01-28T23:06:00Z,2026-01-31T23:06:00Z,Order order_000307,{'customer_id': 'cust_0380'},captured
pay_000308,payment,setl_00015,RZP000000000308,order_000308,81406,INR,0,0,81406,upi,2026-05-24T14:33:00Z,2026-05-31T14:33:00Z,Order order_000308,{'customer_id': 'cust_0208'},captured
pay_000311,payment,setl_00015,RZP000000000311,order_000311,684556,INR,13691,2464,668401,card,2026-04-04T11:07:00Z,2026-04-05T11:07:00Z,Order order_000311,{'customer_id': 'cust_0344'},captured
pay_000314,payment,setl_00015,RZP000000000314,order_000314,58257,INR,0,0,58257,upi,2026-02-16T12:44:00Z,2026-02-18T12:44:00Z,Order order_000314,{'customer_id': 'cust_0215'},captured
pay_000316,payment,setl_00015,RZP000000000316,order_000316,225634,INR,5641,1015,218978,emi,2026-02-05T06:23:00Z,2026-02-07T06:23:00Z,Order order_000316,{'customer_id': 'cust_0028'},captured
pay_000318,payment,setl_00015,RZP000000000318,order_000318,170485,INR,0,0,170485,upi,2026-04-24T16:40:00Z,2026-04-25T16:40:00Z,Order order_000318,{'customer_id': 'cust_0408'},captured
pay_000320,payment,setl_00016,RZP000000000320,order_000320,177273,INR,3191,574,173508,netbanking,2026-05-27T03:53:00Z,2026-05-28T03:53:00Z,Order order_000320,{'customer_id': 'cust_0188'},captured
pay_000321,payment,setl_00016,RZP000000000321,order_000321,1636102,INR,32722,5890,1597490,card,2026-04-23T18:38:00Z,2026-04-24T18:38:00Z,Order order_000321,{'customer_id': 'cust_0377'},captured
pay_000322,payment,setl_00016,RZP000000000322,order_000322,377732,INR,6799,1224,369709,netbanking,2026-01-09T15:21:00Z,2026-01-10T15:21:00Z,Order order_000322,{'customer_id': 'cust_0045'},captured
pay_000324,payment,setl_00016,RZP000000000324,order_000324,549378,INR,0,0,549378,upi,2026-02-22T02:01:00Z,2026-02-24T02:01:00Z,Order order_000324,{'customer_id': 'cust_0306'},captured
pay_000326,payment,setl_00016,RZP000000000326,order_000326,30321,INR,606,109,29606,card,2026-03-05T23:04:00Z,2026-03-07T23:04:00Z,Order order_000326,{'customer_id': 'cust_0324'},captured
pay_000327,payment,setl_00016,RZP000000000327,order_000327,130999,INR,0,0,130999,upi,2026-06-12T03:10:00Z,2026-06-14T03:10:00Z,Order order_000327,{'customer_id': 'cust_0356'},captured
pay_000329,payment,setl_00016,RZP000000000329,order_000329,679196,INR,12226,2201,664769,netbanking,2026-03-24T09:40:00Z,2026-03-26T09:40:00Z,Order order_000329,{'customer_id': 'cust_0290'},captured
pay_000331,payment,setl_00016,RZP000000000331,order_000331,282775,INR,0,0,282775,upi,2026-06-16T10:18:00Z,2026-06-17T10:18:00Z,Order order_000331,{'customer_id': 'cust_0141'},captured
pay_000332,payment,setl_00016,RZP000000000332,order_000332,132197,INR,0,0,132197,upi,2026-06-20T22:08:00Z,2026-06-21T22:08:00Z,Order order_000332,{'customer_id': 'cust_0157'},captured
pay_000333,payment,setl_00016,RZP000000000333,order_000333,453946,INR,8171,1471,444304,netbanking,2026-01-24T03:14:00Z,2026-01-25T03:14:00Z,Order order_000333,{'customer_id': 'cust_0068'},captured
pay_000335,payment,setl_00016,RZP000000000335,order_000335,73946,INR,0,0,73946,upi,2026-01-27T03:31:00Z,2026-01-29T03:31:00Z,Order order_000335,{'customer_id': 'cust_0071'},captured
pay_000344,payment,setl_00017,RZP000000000344,order_000344,187551,INR,3376,608,183567,netbanking,2026-05-09T14:10:00Z,2026-05-11T14:10:00Z,Order order_000344,{'customer_id': 'cust_0328'},captured
pay_000346,payment,setl_00017,RZP000000000346,order_000346,76325,INR,0,0,76325,upi,2026-06-16T23:14:00Z,2026-06-18T23:14:00Z,Order order_000346,{'customer_id': 'cust_0224'},captured
pay_000347,payment,setl_00017,RZP000000000347,order_000347,40089,INR,722,130,39237,netbanking,2026-04-27T20:53:00Z,2026-04-29T20:53:00Z,Order order_000347,{'customer_id': 'cust_0380'},captured
pay_000348,payment,setl_00017,RZP000000000348,order_000348,178772,INR,3575,644,174553,card,2026-05-13T08:50:00Z,2026-05-14T08:50:00Z,Order order_000348,{'customer_id': 'cust_0400'},captured
pay_000350,payment,setl_00017,RZP000000000350,order_000350,177896,INR,0,0,177896,upi,2026-01-15T17:03:00Z,2026-01-18T17:03:00Z,Order order_000350,{'customer_id': 'cust_0081'},captured
pay_000351,payment,setl_00017,RZP000000000351,order_000351,26545,INR,0,0,26545,upi,2026-01-30T07:47:00Z,2026-02-01T07:47:00Z,Order order_000351,{'customer_id': 'cust_0007'},captured
pay_000355,payment,setl_00017,RZP000000000355,order_000355,37980,INR,760,137,37083,card,2026-04-30T09:38:00Z,2026-05-02T09:38:00Z,Order order_000355,{'customer_id': 'cust_0045'},captured
pay_000357,payment,setl_00017,RZP000000000357,order_000357,1510648,INR,37766,6798,1466084,emi,2026-05-20T08:22:00Z,2026-05-21T08:22:00Z,Order order_000357,{'customer_id': 'cust_0013'},captured
pay_000363,payment,setl_00018,RZP000000000363,order_000363,155409,INR,3108,559,151742,card,2026-01-31T18:17:00Z,2026-02-02T18:17:00Z,Order order_000363,{'customer_id': 'cust_0232'},captured
pay_000364,payment,setl_00018,RZP000000000364,order_000364,104348,INR,0,0,104348,upi,2026-02-10T23:25:00Z,2026-02-12T23:25:00Z,Order order_000364,{'customer_id': 'cust_0309'},captured
pay_000369,payment,setl_00018,RZP000000000369,order_000369,498566,INR,0,0,498566,upi,2026-01-11T15:44:00Z,2026-01-12T15:44:00Z,Order order_000369,{'customer_id': 'cust_0222'},captured
pay_000373,payment,setl_00018,RZP000000000373,order_000373,198160,INR,3567,642,193951,netbanking,2026-04-08T12:15:00Z,2026-04-10T12:15:00Z,Order order_000373,{'customer_id': 'cust_0177'},captured
pay_000376,payment,setl_00018,RZP000000000376,order_000376,16418,INR,410,74,15934,emi,2026-03-10T18:12:00Z,2026-03-13T18:12:00Z,Order order_000376,{'customer_id': 'cust_0029'},captured
pay_000379,payment,setl_00018,RZP000000000379,order_000379,1498626,INR,29973,5395,1463258,card,2026-02-14T16:44:00Z,2026-02-15T16:44:00Z,Order order_000379,{'customer_id': 'cust_0011'},captured
pay_000380,payment,setl_00019,RZP000000000380,order_000380,89175,INR,1784,321,87070,card,2026-02-15T11:02:00Z,2026-02-16T11:02:00Z,Order order_000380,{'customer_id': 'cust_0361'},captured
pay_000382,payment,setl_00019,RZP000000000382,order_000382,316238,INR,0,0,316238,upi,2026-03-23T05:56:00Z,2026-03-25T05:56:00Z,Order order_000382,{'customer_id': 'cust_0456'},captured
pay_000386,payment,setl_00019,RZP000000000386,order_000386,595498,INR,0,0,595498,upi,2026-03-27T15:14:00Z,2026-03-28T15:14:00Z,Order order_000386,{'customer_id': 'cust_0355'},captured
pay_000387,payment,setl_00019,RZP000000000387,order_000387,103109,INR,0,0,103109,upi,2026-01-01T01:38:00Z,2026-01-03T01:38:00Z,Order order_000387,{'customer_id': 'cust_0497'},captured
pay_000393,payment,setl_00019,RZP000000000393,order_000393,113987,INR,2280,410,111297,card,2026-04-11T19:30:00Z,2026-04-13T19:30:00Z,Order order_000393,{'customer_id': 'cust_0028'},captured
pay_000398,payment,setl_00019,RZP000000000398,order_000398,361598,INR,7232,1302,353064,card,2026-05-14T14:17:00Z,2026-05-21T14:17:00Z,Order order_000398,{'customer_id': 'cust_0480'},captured
pay_000400,payment,setl_00020,RZP000000000400,order_000400,196018,INR,3920,706,191392,card,2026-06-08T05:01:00Z,2026-06-09T05:01:00Z,Order order_000400,{'customer_id': 'cust_0089'},captured
pay_000405,payment,setl_00020,RZP000000000405,order_000405,208711,INR,3757,676,204278,netbanking,2026-03-15T18:16:00Z,2026-03-18T18:16:00Z,Order order_000405,{'customer_id': 'cust_0136'},captured
pay_000407,payment,setl_00020,RZP000000000407,order_000407,129354,INR,2587,466,126301,card,2026-03-26T23:34:00Z,2026-03-27T23:34:00Z,Order order_000407,{'customer_id': 'cust_0472'},captured
pay_000408,payment,setl_00020,RZP000000000408,order_000408,121610,INR,0,0,121610,upi,2026-03-19T10:36:00Z,2026-03-20T10:36:00Z,Order order_000408,{'customer_id': 'cust_0357'},captured
pay_000412,payment,setl_00020,RZP000000000412,order_000412,42558,INR,0,0,42558,upi,2026-02-20T09:21:00Z,2026-02-22T09:21:00Z,Order order_000412,{'customer_id': 'cust_0204'},captured
pay_000414,payment,setl_00020,RZP000000000414,order_000414,9581,INR,172,31,9378,netbanking,2026-01-24T09:43:00Z,2026-01-25T09:43:00Z,Order order_000414,{'customer_id': 'cust_0400'},captured
pay_000421,payment,setl_00021,RZP000000000421,order_000421,189478,INR,0,0,189478,upi,2026-01-15T20:28:00Z,2026-01-17T20:28:00Z,Order order_000421,{'customer_id': 'cust_0072'},captured
pay_000424,payment,setl_00021,RZP000000000424,order_000424,110150,INR,0,0,110150,upi,2026-06-18T19:03:00Z,2026-06-19T19:03:00Z,Order order_000424,{'customer_id': 'cust_0066'},captured
pay_000426,payment,setl_00021,RZP000000000426,order_000426,373514,INR,0,0,373514,upi,2026-03-26T12:41:00Z,2026-03-27T12:41:00Z,Order order_000426,{'customer_id': 'cust_0436'},captured
pay_000429,payment,setl_00021,RZP000000000429,order_000429,449264,INR,8087,1456,439721,wallet,2026-01-21T16:38:00Z,2026-01-23T16:38:00Z,Order order_000429,{'customer_id': 'cust_0161'},captured
pay_000436,payment,setl_00021,RZP000000000436,order_000436,23294,INR,0,0,23294,upi,2026-02-03T07:12:00Z,2026-02-05T07:12:00Z,Order order_000436,{'customer_id': 'cust_0087'},captured
pay_000437,payment,setl_00021,RZP000000000437,order_000437,1462800,INR,0,0,1462800,upi,2026-04-07T21:51:00Z,2026-04-08T21:51:00Z,Order order_000437,{'customer_id': 'cust_0025'},captured
pay_000439,payment,setl_00021,RZP000000000439,order_000439,265405,INR,5308,955,259142,card,2026-06-19T03:26:00Z,2026-06-21T03:26:00Z,Order order_000439,{'customer_id': 'cust_0311'},captured
pay_000443,payment,setl_00022,RZP000000000443,order_000443,197272,INR,3945,710,192617,card,2026-01-26T08:44:00Z,2026-01-28T08:44:00Z,Order order_000443,{'customer_id': 'cust_0152'},captured
pay_000444,payment,setl_00022,RZP000000000444,order_000444,74227,INR,0,0,74227,upi,2026-04-20T03:57:00Z,2026-04-21T03:57:00Z,Order order_000444,{'customer_id': 'cust_0024'},captured
pay_000446,payment,setl_00022,RZP000000000446,order_000446,60819,INR,1095,197,59527,wallet,2026-04-27T09:16:00Z,2026-04-30T09:16:00Z,Order order_000446,{'customer_id': 'cust_0245'},captured
pay_000449,payment,setl_00022,RZP000000000449,order_000449,46708,INR,0,0,46708,upi,2026-01-12T02:09:00Z,2026-01-13T02:09:00Z,Order order_000449,{'customer_id': 'cust_0361'},captured
pay_000452,payment,setl_00022,RZP000000000452,order_000452,41474,INR,829,149,40496,card,2026-05-23T20:55:00Z,2026-05-24T20:55:00Z,Order order_000452,{'customer_id': 'cust_0081'},captured
pay_000453,payment,setl_00022,RZP000000000453,order_000453,159495,INR,3190,574,155731,card,2026-02-12T02:33:00Z,2026-02-14T02:33:00Z,Order order_000453,{'customer_id': 'cust_0170'},captured
pay_000454,payment,setl_00022,RZP000000000454,order_000454,54956,INR,1374,247,53335,emi,2026-06-14T12:55:00Z,2026-06-16T12:55:00Z,Order order_000454,{'customer_id': 'cust_0236'},captured
pay_000456,payment,setl_00022,RZP000000000456,order_000456,44944,INR,899,162,43883,card,2026-05-23T18:44:00Z,2026-05-24T18:44:00Z,Order order_000456,{'customer_id': 'cust_0310'},captured
pay_000458,payment,setl_00022,RZP000000000458,order_000458,55512,INR,0,0,55512,upi,2026-04-27T11:19:00Z,2026-04-29T11:19:00Z,Order order_000458,{'customer_id': 'cust_0243'},captured
pay_000460,payment,setl_00023,RZP000000000460,order_000460,707991,INR,14160,2549,691282,card,2026-04-06T23:57:00Z,2026-04-07T23:57:00Z,Order order_000460,{'customer_id': 'cust_0253'},captured
pay_000463,payment,setl_00023,RZP000000000463,order_000463,799274,INR,0,0,799274,upi,2026-05-31T17:12:00Z,2026-06-01T17:12:00Z,Order order_000463,{'customer_id': 'cust_0272'},captured
pay_000464,payment,setl_00023,RZP000000000464,order_000464,219335,INR,3948,711,214676,netbanking,2026-05-30T16:29:00Z,2026-06-02T16:29:00Z,Order order_000464,{'customer_id': 'cust_0467'},captured
pay_000467,payment,setl_00023,RZP000000000467,order_000467,20630,INR,0,0,20630,upi,2026-02-05T14:05:00Z,2026-02-07T14:05:00Z,Order order_000467,{'customer_id': 'cust_0263'},captured
pay_000468,payment,setl_00023,RZP000000000468,order_000468,3552272,INR,0,0,3552272,upi,2026-05-22T21:35:00Z,2026-05-23T21:35:00Z,Order order_000468,{'customer_id': 'cust_0366'},captured
pay_000470,payment,setl_00023,RZP000000000470,order_000470,616378,INR,11095,1997,603286,netbanking,2026-05-30T19:28:00Z,2026-06-02T19:28:00Z,Order order_000470,{'customer_id': 'cust_0346'},captured
pay_000474,payment,setl_00023,RZP000000000474,order_000474,201963,INR,0,0,201963,upi,2026-06-28T09:49:00Z,2026-06-30T09:49:00Z,Order order_000474,{'customer_id': 'cust_0214'},captured
pay_000475,payment,setl_00023,RZP000000000475,order_000475,751841,INR,18796,3383,729662,emi,2026-05-22T01:50:00Z,2026-05-23T01:50:00Z,Order order_000475,{'customer_id': 'cust_0318'},captured
pay_000480,payment,setl_00024,RZP000000000480,order_000480,365518,INR,6579,1184,357755,wallet,2026-05-06T19:32:00Z,2026-05-08T19:32:00Z,Order order_000480,{'customer_id': 'cust_0270'},captured
pay_000481,payment,setl_00024,RZP000000000481,order_000481,184109,INR,0,0,184109,upi,2026-05-18T13:46:00Z,2026-05-19T13:46:00Z,Order order_000481,{'customer_id': 'cust_0110'},captured
pay_000482,payment,setl_00024,RZP000000000482,order_000482,110511,INR,2210,398,107903,card,2026-06-08T18:06:00Z,2026-06-10T18:06:00Z,Order order_000482,{'customer_id': 'cust_0386'},captured
pay_000486,payment,setl_00024,RZP000000000486,order_000486,603527,INR,0,0,603527,upi,2026-06-10T02:14:00Z,2026-06-11T02:14:00Z,Order order_000486,{'customer_id': 'cust_0110'},captured
pay_000487,payment,setl_00024,RZP000000000487,order_000487,151910,INR,2734,492,148684,wallet,2026-05-18T23:59:00Z,2026-05-21T23:59:00Z,Order order_000487,{'customer_id': 'cust_0223'},captured
pay_000489,payment,setl_00024,RZP000000000489,order_000489,127865,INR,0,0,127865,upi,2026-04-14T14:46:00Z,2026-04-16T14:46:00Z,Order order_000489,{'customer_id': 'cust_0061'},captured
pay_000490,payment,setl_00024,RZP000000000490,order_000490,387708,INR,7754,1396,378558,card,2026-05-30T01:33:00Z,2026-06-01T01:33:00Z,Order order_000490,{'customer_id': 'cust_0055'},captured
pay_000492,payment,setl_00024,RZP000000000492,order_000492,195819,INR,3916,705,191198,card,2026-04-11T18:37:00Z,2026-04-12T18:37:00Z,Order order_000492,{'customer_id': 'cust_0153'},captured
pay_000495,payment,setl_00024,RZP000000000495,order_000495,108806,INR,0,0,108806,upi,2026-05-12T04:51:00Z,2026-05-13T04:51:00Z,Order order_000495,{'customer_id': 'cust_0428'},captured
pay_000497,payment,setl_00024,RZP000000000497,order_000497,208835,INR,4177,752,203906,card,2026-01-18T08:33:00Z,2026-01-19T08:33:00Z,Order order_000497,{'customer_id': 'cust_0250'},captured
pay_000498,payment,setl_00024,RZP000000000498,order_000498,73898,INR,1847,332,71719,emi,2026-03-02T03:24:00Z,2026-03-03T03:24:00Z,Order order_000498,{'customer_id': 'cust_0169'},captured
pay_000499,payment,setl_00024,RZP000000000499,order_000499,69087,INR,1382,249,67456,card,2026-05-25T19:20:00Z,2026-05-27T19:20:00Z,Order order_000499,{'customer_id': 'cust_0220'},captured
pay_000500,payment,setl_00025,RZP000000000500,order_000500,30067,INR,0,0,30067,upi,2026-06-14T14:53:00Z,2026-06-15T14:53:00Z,Order order_000500,{'customer_id': 'cust_0348'},captured
pay_000504,payment,setl_00025,RZP000000000504,order_000504,441748,INR,8835,1590,431323,card,2026-02-27T20:07:00Z,2026-03-01T20:07:00Z,Order order_000504,{'customer_id': 'cust_0238'},captured
pay_000506,payment,setl_00025,RZP000000000506,order_000506,334745,INR,6695,1205,326845,card,2026-02-10T06:06:00Z,2026-02-12T06:06:00Z,Order order_000506,{'customer_id': 'cust_0447'},captured
pay_000507,payment,setl_00025,RZP000000000507,order_000507,463003,INR,11575,2084,449344,emi,2026-04-02T01:22:00Z,2026-04-03T01:22:00Z,Order order_000507,{'customer_id': 'cust_0033'},captured
pay_000510,payment,setl_00025,RZP000000000510,order_000510,201931,INR,0,0,201931,upi,2026-06-17T12:55:00Z,2026-06-19T12:55:00Z,Order order_000510,{'customer_id': 'cust_0428'},captured
pay_000511,payment,setl_00025,RZP000000000511,order_000511,69221,INR,0,0,69221,upi,2026-03-30T16:37:00Z,2026-04-01T16:37:00Z,Order order_000511,{'customer_id': 'cust_0004'},captured
pay_000515,payment,setl_00025,RZP000000000515,order_000515,229465,INR,0,0,229465,upi,2026-02-07T01:54:00Z,2026-02-08T01:54:00Z,Order order_000515,{'customer_id': 'cust_0265'},captured
pay_000516,payment,setl_00025,RZP000000000516,order_000516,288911,INR,7223,1300,280388,emi,2026-01-05T22:35:00Z,2026-01-08T22:35:00Z,Order order_000516,{'customer_id': 'cust_0111'},captured
pay_000517,payment,setl_00025,RZP000000000517,order_000517,496784,INR,0,0,496784,upi,2026-02-16T21:16:00Z,2026-02-18T21:16:00Z,Order order_000517,{'customer_id': 'cust_0371'},captured
pay_000518,payment,setl_00025,RZP000000000518,order_000518,1559948,INR,31199,5616,1523133,card,2026-01-18T07:50:00Z,2026-01-20T07:50:00Z,Order order_000518,{'customer_id': 'cust_0009'},captured
pay_000524,payment,setl_00026,RZP000000000524,order_000524,500885,INR,10018,1803,489064,card,2026-03-22T13:57:00Z,2026-03-24T13:57:00Z,Order order_000524,{'customer_id': 'cust_0334'},captured
pay_000525,payment,setl_00026,RZP000000000525,order_000525,62686,INR,1254,226,61206,card,2026-05-25T12:28:00Z,2026-05-27T12:28:00Z,Order order_000525,{'customer_id': 'cust_0204'},captured
pay_000527,payment,setl_00026,RZP000000000527,order_000527,366995,INR,9175,1652,356168,emi,2026-04-12T04:42:00Z,2026-04-15T04:42:00Z,Order order_000527,{'customer_id': 'cust_0383'},captured
pay_000528,payment,setl_00026,RZP000000000528,order_000528,33910,INR,0,0,33910,upi,2026-03-28T18:47:00Z,2026-03-30T18:47:00Z,Order order_000528,{'customer_id': 'cust_0027'},captured
pay_000532,payment,setl_00026,RZP000000000532,order_000532,9861,INR,197,35,9629,card,2026-05-11T17:36:00Z,2026-05-13T17:36:00Z,Order order_000532,{'customer_id': 'cust_0346'},captured
pay_000533,payment,setl_00026,RZP000000000533,order_000533,440300,INR,0,0,440300,upi,2026-04-12T13:50:00Z,2026-04-14T13:50:00Z,Order order_000533,{'customer_id': 'cust_0378'},captured
pay_000536,payment,setl_00026,RZP000000000536,order_000536,51939,INR,0,0,51939,upi,2026-01-30T17:31:00Z,2026-02-06T17:31:00Z,Order order_000536,{'customer_id': 'cust_0417'},captured
pay_000537,payment,setl_00026,RZP000000000537,order_000537,71832,INR,1293,233,70306,netbanking,2026-04-07T19:13:00Z,2026-04-09T19:13:00Z,Order order_000537,{'customer_id': 'cust_0174'},captured
pay_000538,payment,setl_00026,RZP000000000538,order_000538,154520,INR,3863,695,149962,emi,2026-05-31T00:56:00Z,2026-06-02T00:56:00Z,Order order_000538,{'customer_id': 'cust_0196'},captured
pay_000544,payment,setl_00027,RZP000000000544,order_000544,53756,INR,968,174,52614,wallet,2026-05-11T09:33:00Z,2026-05-13T09:33:00Z,Order order_000544,{'customer_id': 'cust_0066'},captured
pay_000549,payment,setl_00027,RZP000000000549,order_000549,103984,INR,1872,337,101775,wallet,2026-02-03T19:39:00Z,2026-02-05T19:39:00Z,Order order_000549,{'customer_id': 'cust_0370'},captured
pay_000551,payment,setl_00027,RZP000000000551,order_000551,31586,INR,632,114,30840,card,2026-02-04T21:31:00Z,2026-02-06T21:31:00Z,Order order_000551,{'customer_id': 'cust_0403'},captured
pay_000553,payment,setl_00027,RZP000000000553,order_000553,94290,INR,0,0,94290,upi,2026-03-07T11:44:00Z,2026-03-08T11:44:00Z,Order order_000553,{'customer_id': 'cust_0445'},captured
pay_000558,payment,setl_00027,RZP000000000558,order_000558,77406,INR,1548,279,75579,card,2026-04-03T20:02:00Z,2026-04-05T20:02:00Z,Order order_000558,{'customer_id': 'cust_0086'},captured
pay_000560,payment,setl_00028,RZP000000000560,order_000560,583545,INR,0,0,583545,upi,2026-01-22T03:32:00Z,2026-01-23T03:32:00Z,Order order_000560,{'customer_id': 'cust_0336'},captured
pay_000561,payment,setl_00028,RZP000000000561,order_000561,134714,INR,2425,436,131853,wallet,2026-03-14T15:07:00Z,2026-03-16T15:07:00Z,Order order_000561,{'customer_id': 'cust_0430'},captured
pay_000564,payment,setl_00028,RZP000000000564,order_000564,714845,INR,12867,2316,699662,netbanking,2026-06-13T21:49:00Z,2026-06-15T21:49:00Z,Order order_000564,{'customer_id': 'cust_0247'},captured
pay_000569,payment,setl_00028,RZP000000000569,order_000569,96808,INR,1743,314,94751,netbanking,2026-06-10T08:10:00Z,2026-06-12T08:10:00Z,Order order_000569,{'customer_id': 'cust_0314'},captured
pay_000570,payment,setl_00028,RZP000000000570,order_000570,307597,INR,5537,997,301063,netbanking,2026-05-17T09:10:00Z,2026-05-19T09:10:00Z,Order order_000570,{'customer_id': 'cust_0094'},captured
pay_000576,payment,setl_00028,RZP000000000576,order_000576,370851,INR,0,0,370851,upi,2026-04-24T08:26:00Z,2026-04-26T08:26:00Z,Order order_000576,{'customer_id': 'cust_0395'},captured
pay_000577,payment,setl_00028,RZP000000000577,order_000577,278428,INR,0,0,278428,upi,2026-04-10T23:15:00Z,2026-04-17T23:15:00Z,Order order_000577,{'customer_id': 'cust_0082'},captured
pay_000580,payment,setl_00029,RZP000000000580,order_000580,310174,INR,7754,1396,301024,emi,2026-06-26T20:21:00Z,2026-06-27T20:21:00Z,Order order_000580,{'customer_id': 'cust_0128'},captured
pay_000581,payment,setl_00029,RZP000000000581,order_000581,19919,INR,0,0,19919,upi,2026-06-10T02:02:00Z,2026-06-11T02:02:00Z,Order order_000581,{'customer_id': 'cust_0360'},captured
pay_000584,payment,setl_00029,RZP000000000584,order_000584,172490,INR,3450,621,168419,card,2026-05-20T11:52:00Z,2026-05-22T11:52:00Z,Order order_000584,{'customer_id': 'cust_0445'},captured
pay_000588,payment,setl_00029,RZP000000000588,order_000588,178781,INR,3576,644,174561,card,2026-06-06T09:39:00Z,2026-06-08T09:39:00Z,Order order_000588,{'customer_id': 'cust_0057'},captured
pay_000591,payment,setl_00029,RZP000000000591,order_000591,55616,INR,1001,180,54435,wallet,2026-01-21T15:58:00Z,2026-01-24T15:58:00Z,Order order_000591,{'customer_id': 'cust_0481'},captured
pay_000594,payment,setl_00029,RZP000000000594,order_000594,434681,INR,0,0,434681,upi,2026-01-28T21:47:00Z,2026-01-30T21:47:00Z,Order order_000594,{'customer_id': 'cust_0360'},captured
pay_000598,payment,setl_00029,RZP000000000598,order_000598,586125,INR,10550,1899,573676,netbanking,2026-04-26T15:16:00Z,2026-05-03T15:16:00Z,Order order_000598,{'customer_id': 'cust_0009'},captured
pay_000600,payment,setl_00030,RZP000000000600,order_000600,231923,INR,0,0,231923,upi,2026-05-27T05:16:00Z,2026-05-28T05:16:00Z,Order order_000600,{'customer_id': 'cust_0080'},captured
pay_000601,payment,setl_00030,RZP000000000601,order_000601,93930,INR,0,0,93930,upi,2026-03-01T08:44:00Z,2026-03-04T08:44:00Z,Order order_000601,{'customer_id': 'cust_0205'},captured
pay_000603,payment,setl_00030,RZP000000000603,order_000603,374098,INR,6734,1212,366152,netbanking,2026-06-14T10:15:00Z,2026-06-15T10:15:00Z,Order order_000603,{'customer_id': 'cust_0196'},captured
pay_000607,payment,setl_00030,RZP000000000607,order_000607,140713,INR,0,0,140713,upi,2026-01-22T16:14:00Z,2026-01-24T16:14:00Z,Order order_000607,{'customer_id': 'cust_0044'},captured
pay_000612,payment,setl_00030,RZP000000000612,order_000612,13317,INR,266,48,13003,card,2026-01-22T03:50:00Z,2026-01-24T03:50:00Z,Order order_000612,{'customer_id': 'cust_0318'},captured
pay_000616,payment,setl_00030,RZP000000000616,order_000616,48505,INR,0,0,48505,upi,2026-01-18T13:15:00Z,2026-01-20T13:15:00Z,Order order_000616,{'customer_id': 'cust_0468'},captured
pay_000617,payment,setl_00030,RZP000000000617,order_000617,1563720,INR,31274,5629,1526817,card,2026-03-01T12:59:00Z,2026-03-03T12:59:00Z,Order order_000617,{'customer_id': 'cust_0463'},captured
pay_000618,payment,setl_00030,RZP000000000618,order_000618,906197,INR,0,0,906197,upi,2026-02-17T06:47:00Z,2026-02-19T06:47:00Z,Order order_000618,{'customer_id': 'cust_0475'},captured
pay_000619,payment,setl_00030,RZP000000000619,order_000619,82277,INR,1481,267,80529,netbanking,2026-02-10T00:37:00Z,2026-02-12T00:37:00Z,Order order_000619,{'customer_id': 'cust_0321'},captured
pay_000621,payment,setl_00031,RZP000000000621,order_000621,596632,INR,10739,1933,583960,wallet,2026-03-29T13:24:00Z,2026-03-31T13:24:00Z,Order order_000621,{'customer_id': 'cust_0196'},captured
pay_000625,payment,setl_00031,RZP000000000625,order_000625,636222,INR,15906,2863,617453,emi,2026-05-23T18:11:00Z,2026-05-26T18:11:00Z,Order order_000625,{'customer_id': 'cust_0163'},captured
pay_000627,payment,setl_00031,RZP000000000627,order_000627,727658,INR,0,0,727658,upi,2026-03-10T20:40:00Z,2026-03-12T20:40:00Z,Order order_000627,{'customer_id': 'cust_0119'},captured
pay_000633,payment,setl_00031,RZP000000000633,order_000633,87491,INR,1575,284,85632,netbanking,2026-03-04T17:42:00Z,2026-03-06T17:42:00Z,Order order_000633,{'customer_id': 'cust_0021'},captured
pay_000634,payment,setl_00031,RZP000000000634,order_000634,197808,INR,3956,712,193140,card,2026-01-13T06:28:00Z,2026-01-14T06:28:00Z,Order order_000634,{'customer_id': 'cust_0156'},captured
pay_000635,payment,setl_00031,RZP000000000635,order_000635,106554,INR,1918,345,104291,netbanking,2026-03-17T20:55:00Z,2026-03-20T20:55:00Z,Order order_000635,{'customer_id': 'cust_0463'},captured
pay_000637,payment,setl_00031,RZP000000000637,order_000637,50259,INR,1005,181,49073,card,2026-04-26T00:51:00Z,2026-04-27T00:51:00Z,Order order_000637,{'customer_id': 'cust_0365'},captured
pay_000639,payment,setl_00031,RZP000000000639,order_000639,195785,INR,0,0,195785,upi,2026-05-11T20:53:00Z,2026-05-14T20:53:00Z,Order order_000639,{'customer_id': 'cust_0195'},captured
pay_000641,payment,setl_00032,RZP000000000641,order_000641,142259,INR,2561,461,139237,netbanking,2026-04-25T09:51:00Z,2026-04-27T09:51:00Z,Order order_000641,{'customer_id': 'cust_0068'},captured
pay_000645,payment,setl_00032,RZP000000000645,order_000645,123508,INR,2470,445,120593,card,2026-01-28T14:13:00Z,2026-02-04T14:13:00Z,Order order_000645,{'customer_id': 'cust_0146'},captured
pay_000646,payment,setl_00032,RZP000000000646,order_000646,478574,INR,9571,1723,467280,card,2026-05-24T06:03:00Z,2026-05-31T06:03:00Z,Order order_000646,{'customer_id': 'cust_0185'},captured
pay_000647,payment,setl_00032,RZP000000000647,order_000647,54709,INR,985,177,53547,wallet,2026-04-05T12:56:00Z,2026-04-08T12:56:00Z,Order order_000647,{'customer_id': 'cust_0432'},captured
pay_000648,payment,setl_00032,RZP000000000648,order_000648,110457,INR,2209,398,107850,card,2026-06-27T09:22:00Z,2026-06-29T09:22:00Z,Order order_000648,{'customer_id': 'cust_0108'},captured
pay_000649,payment,setl_00032,RZP000000000649,order_000649,234252,INR,4685,843,228724,card,2026-06-11T18:03:00Z,2026-06-18T18:03:00Z,Order order_000649,{'customer_id': 'cust_0353'},captured
pay_000650,payment,setl_00032,RZP000000000650,order_000650,1367684,INR,27354,4924,1335406,card,2026-04-20T20:46:00Z,2026-04-23T20:46:00Z,Order order_000650,{'customer_id': 'cust_0295'},captured
pay_000651,payment,setl_00032,RZP000000000651,order_000651,127959,INR,3199,576,124184,emi,2026-05-25T16:56:00Z,2026-05-27T16:56:00Z,Order order_000651,{'customer_id': 'cust_0253'},captured
pay_000657,payment,setl_00032,RZP000000000657,order_000657,119302,INR,2386,429,116487,card,2026-01-15T17:47:00Z,2026-01-16T17:47:00Z,Order order_000657,{'customer_id': 'cust_0162'},captured
pay_000658,payment,setl_00032,RZP000000000658,order_000658,106421,INR,2128,383,103910,card,2026-05-17T05:39:00Z,2026-05-19T05:39:00Z,Order order_000658,{'customer_id': 'cust_0305'},captured
pay_000659,payment,setl_00032,RZP000000000659,order_000659,418929,INR,0,0,418929,upi,2026-03-22T01:04:00Z,2026-03-23T01:04:00Z,Order order_000659,{'customer_id': 'cust_0450'},captured
pay_000664,payment,setl_00033,RZP000000000664,order_000664,168329,INR,0,0,168329,upi,2026-05-14T22:29:00Z,2026-05-16T22:29:00Z,Order order_000664,{'customer_id': 'cust_0328'},captured
pay_000665,payment,setl_00033,RZP000000000665,order_000665,114519,INR,2061,371,112087,wallet,2026-03-12T18:10:00Z,2026-03-14T18:10:00Z,Order order_000665,{'customer_id': 'cust_0061'},captured
pay_000668,payment,setl_00033,RZP000000000668,order_000668,42886,INR,0,0,42886,upi,2026-06-22T01:43:00Z,2026-06-23T01:43:00Z,Order order_000668,{'customer_id': 'cust_0092'},captured
pay_000676,payment,setl_00033,RZP000000000676,order_000676,7928254,INR,158565,28542,7741147,card,2026-04-09T02:15:00Z,2026-04-11T02:15:00Z,Order order_000676,{'customer_id': 'cust_0303'},captured
pay_000678,payment,setl_00033,RZP000000000678,order_000678,169005,INR,3380,608,165017,card,2026-04-29T11:06:00Z,2026-05-01T11:06:00Z,Order order_000678,{'customer_id': 'cust_0091'},captured
pay_000679,payment,setl_00033,RZP000000000679,order_000679,111572,INR,0,0,111572,upi,2026-06-25T20:21:00Z,2026-06-27T20:21:00Z,Order order_000679,{'customer_id': 'cust_0254'},captured
pay_000680,payment,setl_00034,RZP000000000680,order_000680,57030,INR,1141,205,55684,card,2026-02-05T19:49:00Z,2026-02-08T19:49:00Z,Order order_000680,{'customer_id': 'cust_0001'},captured
pay_000682,payment,setl_00034,RZP000000000682,order_000682,75099,INR,1502,270,73327,card,2026-06-23T10:23:00Z,2026-06-26T10:23:00Z,Order order_000682,{'customer_id': 'cust_0368'},captured
pay_000686,payment,setl_00034,RZP000000000686,order_000686,545806,INR,10916,1965,532925,card,2026-04-17T05:15:00Z,2026-04-18T05:15:00Z,Order order_000686,{'customer_id': 'cust_0065'},captured
pay_000692,payment,setl_00034,RZP000000000692,order_000692,145164,INR,0,0,145164,upi,2026-06-21T02:39:00Z,2026-06-23T02:39:00Z,Order order_000692,{'customer_id': 'cust_0297'},captured
pay_000694,payment,setl_00034,RZP000000000694,order_000694,2922,INR,53,10,2859,netbanking,2026-03-17T09:52:00Z,2026-03-18T09:52:00Z,Order order_000694,{'customer_id': 'cust_0306'},captured
pay_000695,payment,setl_00034,RZP000000000695,order_000695,527617,INR,9497,1709,516411,netbanking,2026-01-16T21:28:00Z,2026-01-18T21:28:00Z,Order order_000695,{'customer_id': 'cust_0027'},captured
pay_000696,payment,setl_00034,RZP000000000696,order_000696,35339,INR,707,127,34505,card,2026-01-07T09:47:00Z,2026-01-09T09:47:00Z,Order order_000696,{'customer_id': 'cust_0040'},captured
pay_000699,payment,setl_00034,RZP000000000699,order_000699,561989,INR,10116,1821,550052,netbanking,2026-01-22T04:57:00Z,2026-01-24T04:57:00Z,Order order_000699,{'customer_id': 'cust_0429'},captured
pay_000701,payment,setl_00035,RZP000000000701,order_000701,12303,INR,0,0,12303,upi,2026-01-14T05:43:00Z,2026-01-16T05:43:00Z,Order order_000701,{'customer_id': 'cust_0244'},captured
pay_000704,payment,setl_00035,RZP000000000704,order_000704,30845,INR,771,139,29935,emi,2026-04-01T14:44:00Z,2026-04-03T14:44:00Z,Order order_000704,{'customer_id': 'cust_0140'},captured
pay_000707,payment,setl_00035,RZP000000000707,order_000707,1496647,INR,29933,5388,1461326,card,2026-01-04T14:02:00Z,2026-01-05T14:02:00Z,Order order_000707,{'customer_id': 'cust_0229'},captured
pay_000709,payment,setl_00035,RZP000000000709,order_000709,294171,INR,5295,953,287923,netbanking,2026-06-04T04:26:00Z,2026-06-06T04:26:00Z,Order order_000709,{'customer_id': 'cust_0332'},captured
pay_000712,payment,setl_00035,RZP000000000712,order_000712,125948,INR,2267,408,123273,netbanking,2026-01-16T08:48:00Z,2026-01-23T08:48:00Z,Order order_000712,{'customer_id': 'cust_0226'},captured
pay_000714,payment,setl_00035,RZP000000000714,order_000714,219950,INR,4399,792,214759,card,2026-04-25T00:38:00Z,2026-04-28T00:38:00Z,Order order_000714,{'customer_id': 'cust_0328'},captured
pay_000716,payment,setl_00035,RZP000000000716,order_000716,1070092,INR,21402,3852,1044838,card,2026-04-22T13:47:00Z,2026-04-25T13:47:00Z,Order order_000716,{'customer_id': 'cust_0403'},captured
pay_000717,payment,setl_00035,RZP000000000717,order_000717,72282,INR,0,0,72282,upi,2026-06-26T16:27:00Z,2026-06-27T16:27:00Z,Order order_000717,{'customer_id': 'cust_0184'},captured
pay_000721,payment,setl_00036,RZP000000000721,order_000721,72154,INR,1299,234,70621,netbanking,2026-06-01T08:08:00Z,2026-06-03T08:08:00Z,Order order_000721,{'customer_id': 'cust_0158'},captured
pay_000728,payment,setl_00036,RZP000000000728,order_000728,341967,INR,0,0,341967,upi,2026-04-05T18:53:00Z,2026-04-06T18:53:00Z,Order order_000728,{'customer_id': 'cust_0298'},captured
pay_000729,payment,setl_00036,RZP000000000729,order_000729,512095,INR,0,0,512095,upi,2026-01-05T16:37:00Z,2026-01-06T16:37:00Z,Order order_000729,{'customer_id': 'cust_0362'},captured
pay_000734,payment,setl_00036,RZP000000000734,order_000734,169603,INR,4240,763,164600,emi,2026-06-21T01:28:00Z,2026-06-22T01:28:00Z,Order order_000734,{'customer_id': 'cust_0108'},captured
pay_000735,payment,setl_00036,RZP000000000735,order_000735,31395,INR,0,0,31395,upi,2026-04-27T01:28:00Z,2026-04-28T01:28:00Z,Order order_000735,{'customer_id': 'cust_0081'},captured
pay_000737,payment,setl_00036,RZP000000000737,order_000737,524566,INR,9442,1700,513424,netbanking,2026-01-29T11:07:00Z,2026-01-30T11:07:00Z,Order order_000737,{'customer_id': 'cust_0212'},captured
pay_000739,payment,setl_00036,RZP000000000739,order_000739,237817,INR,0,0,237817,upi,2026-04-06T04:39:00Z,2026-04-08T04:39:00Z,Order order_000739,{'customer_id': 'cust_0184'},captured
pay_000740,payment,setl_00037,RZP000000000740,order_000740,89570,INR,2239,403,86928,emi,2026-06-27T19:24:00Z,2026-06-28T19:24:00Z,Order order_000740,{'customer_id': 'cust_0437'},captured
pay_000742,payment,setl_00037,RZP000000000742,order_000742,1308330,INR,32708,5887,1269735,emi,2026-05-22T07:50:00Z,2026-05-23T07:50:00Z,Order order_000742,{'customer_id': 'cust_0251'},captured
pay_000743,payment,setl_00037,RZP000000000743,order_000743,59663,INR,1074,193,58396,wallet,2026-04-29T09:31:00Z,2026-04-30T09:31:00Z,Order order_000743,{'customer_id': 'cust_0447'},captured
pay_000744,payment,setl_00037,RZP000000000744,order_000744,77631,INR,0,0,77631,upi,2026-06-01T05:05:00Z,2026-06-04T05:05:00Z,Order order_000744,{'customer_id': 'cust_0214'},captured
pay_000746,payment,setl_00037,RZP000000000746,order_000746,605079,INR,10891,1960,592228,netbanking,2026-03-03T02:50:00Z,2026-03-05T02:50:00Z,Order order_000746,{'customer_id': 'cust_0487'},captured
pay_000749,payment,setl_00037,RZP000000000749,order_000749,1403910,INR,0,0,1403910,upi,2026-06-30T21:37:00Z,2026-07-01T21:37:00Z,Order order_000749,{'customer_id': 'cust_0198'},captured
pay_000750,payment,setl_00037,RZP000000000750,order_000750,126696,INR,2281,411,124004,wallet,2026-04-20T09:12:00Z,2026-04-22T09:12:00Z,Order order_000750,{'customer_id': 'cust_0295'},captured
pay_000751,payment,setl_00037,RZP000000000751,order_000751,344412,INR,6199,1116,337097,netbanking,2026-03-27T01:52:00Z,2026-03-29T01:52:00Z,Order order_000751,{'customer_id': 'cust_0187'},captured
pay_000753,payment,setl_00037,RZP000000000753,order_000753,314135,INR,5654,1018,307463,netbanking,2026-02-05T11:25:00Z,2026-02-06T11:25:00Z,Order order_000753,{'customer_id': 'cust_0245'},captured
pay_000754,payment,setl_00037,RZP000000000754,order_000754,981628,INR,17669,3180,960779,netbanking,2026-02-27T10:56:00Z,2026-03-01T10:56:00Z,Order order_000754,{'customer_id': 'cust_0349'},captured
pay_000756,payment,setl_00037,RZP000000000756,order_000756,396704,INR,7141,1285,388278,netbanking,2026-03-16T15:25:00Z,2026-03-18T15:25:00Z,Order order_000756,{'customer_id': 'cust_0485'},captured
pay_000759,payment,setl_00037,RZP000000000759,order_000759,164806,INR,2967,534,161305,wallet,2026-06-15T00:43:00Z,2026-06-16T00:43:00Z,Order order_000759,{'customer_id': 'cust_0119'},captured
pay_000760,payment,setl_00038,RZP000000000760,order_000760,192141,INR,3459,623,188059,netbanking,2026-05-29T11:42:00Z,2026-05-31T11:42:00Z,Order order_000760,{'customer_id': 'cust_0249'},captured
pay_000761,payment,setl_00038,RZP000000000761,order_000761,2347062,INR,46941,8449,2291672,card,2026-04-24T15:37:00Z,2026-04-26T15:37:00Z,Order order_000761,{'customer_id': 'cust_0405'},captured
pay_000762,payment,setl_00038,RZP000000000762,order_000762,390554,INR,0,0,390554,upi,2026-04-06T09:50:00Z,2026-04-08T09:50:00Z,Order order_000762,{'customer_id': 'cust_0234'},captured
pay_000767,payment,setl_00038,RZP000000000767,order_000767,1753380,INR,31561,5681,1716138,netbanking,2026-04-24T11:33:00Z,2026-04-26T11:33:00Z,Order order_000767,{'customer_id': 'cust_0461'},captured
pay_000768,payment,setl_00038,RZP000000000768,order_000768,273791,INR,0,0,273791,upi,2026-01-07T13:42:00Z,2026-01-09T13:42:00Z,Order order_000768,{'customer_id': 'cust_0183'},captured
pay_000769,payment,setl_00038,RZP000000000769,order_000769,225477,INR,0,0,225477,upi,2026-03-13T06:40:00Z,2026-03-14T06:40:00Z,Order order_000769,{'customer_id': 'cust_0229'},captured
pay_000771,payment,setl_00038,RZP000000000771,order_000771,574127,INR,0,0,574127,upi,2026-04-06T00:24:00Z,2026-04-07T00:24:00Z,Order order_000771,{'customer_id': 'cust_0229'},captured
pay_000776,payment,setl_00038,RZP000000000776,order_000776,153565,INR,0,0,153565,upi,2026-03-15T14:14:00Z,2026-03-16T14:14:00Z,Order order_000776,{'customer_id': 'cust_0331'},captured
pay_000777,payment,setl_00038,RZP000000000777,order_000777,61145,INR,0,0,61145,upi,2026-01-18T20:26:00Z,2026-01-20T20:26:00Z,Order order_000777,{'customer_id': 'cust_0290'},captured
pay_000778,payment,setl_00038,RZP000000000778,order_000778,36991,INR,0,0,36991,upi,2026-06-27T04:04:00Z,2026-06-29T04:04:00Z,Order order_000778,{'customer_id': 'cust_0009'},captured
pay_000780,payment,setl_00039,RZP000000000780,order_000780,55121,INR,1102,198,53821,card,2026-01-20T17:32:00Z,2026-01-21T17:32:00Z,Order order_000780,{'customer_id': 'cust_0392'},captured
pay_000781,payment,setl_00039,RZP000000000781,order_000781,565210,INR,0,0,565210,upi,2026-03-22T23:22:00Z,2026-03-24T23:22:00Z,Order order_000781,{'customer_id': 'cust_0358'},captured
pay_000785,payment,setl_00039,RZP000000000785,order_000785,165563,INR,0,0,165563,upi,2026-02-03T00:35:00Z,2026-02-05T00:35:00Z,Order order_000785,{'customer_id': 'cust_0186'},captured
pay_000786,payment,setl_00039,RZP000000000786,order_000786,888849,INR,0,0,888849,upi,2026-02-14T10:23:00Z,2026-02-15T10:23:00Z,Order order_000786,{'customer_id': 'cust_0114'},captured
pay_000789,payment,setl_00039,RZP000000000789,order_000789,259486,INR,5190,934,253362,card,2026-03-06T01:28:00Z,2026-03-07T01:28:00Z,Order order_000789,{'customer_id': 'cust_0387'},captured
pay_000790,payment,setl_00039,RZP000000000790,order_000790,25855,INR,0,0,25855,upi,2026-05-31T06:49:00Z,2026-06-01T06:49:00Z,Order order_000790,{'customer_id': 'cust_0047'},captured
pay_000791,payment,setl_00039,RZP000000000791,order_000791,364596,INR,0,0,364596,upi,2026-05-29T11:52:00Z,2026-05-31T11:52:00Z,Order order_000791,{'customer_id': 'cust_0400'},captured
pay_000792,payment,setl_00039,RZP000000000792,order_000792,52494,INR,945,170,51379,netbanking,2026-01-26T19:44:00Z,2026-01-28T19:44:00Z,Order order_000792,{'customer_id': 'cust_0367'},captured
pay_000793,payment,setl_00039,RZP000000000793,order_000793,3262607,INR,0,0,3262607,upi,2026-01-26T07:18:00Z,2026-01-29T07:18:00Z,Order order_000793,{'customer_id': 'cust_0244'},captured
pay_000795,payment,setl_00039,RZP000000000795,order_000795,96082,INR,0,0,96082,upi,2026-03-22T04:13:00Z,2026-03-24T04:13:00Z,Order order_000795,{'customer_id': 'cust_0254'},captured
pay_000796,payment,setl_00039,RZP000000000796,order_000796,468290,INR,8429,1517,458344,netbanking,2026-01-11T02:48:00Z,2026-01-13T02:48:00Z,Order order_000796,{'customer_id': 'cust_0146'},captured
pay_000797,payment,setl_00039,RZP000000000797,order_000797,854904,INR,17098,3078,834728,card,2026-04-24T07:42:00Z,2026-04-26T07:42:00Z,Order order_000797,{'customer_id': 'cust_0438'},captured
pay_000800,payment,setl_00040,RZP000000000800,order_000800,593654,INR,0,0,593654,upi,2026-03-01T14:29:00Z,2026-03-03T14:29:00Z,Order order_000800,{'customer_id': 'cust_0366'},captured
pay_000801,payment,setl_00040,RZP000000000801,order_000801,398825,INR,7179,1292,390354,netbanking,2026-06-14T13:39:00Z,2026-06-16T13:39:00Z,Order order_000801,{'customer_id': 'cust_0487'},captured
pay_000802,payment,setl_00040,RZP000000000802,order_000802,172994,INR,0,0,172994,upi,2026-04-27T03:41:00Z,2026-04-28T03:41:00Z,Order order_000802,{'customer_id': 'cust_0119'},captured
pay_000811,payment,setl_00040,RZP000000000811,order_000811,125885,INR,2266,408,123211,netbanking,2026-03-30T12:11:00Z,2026-04-01T12:11:00Z,Order order_000811,{'customer_id': 'cust_0160'},captured
pay_000813,payment,setl_00040,RZP000000000813,order_000813,190548,INR,0,0,190548,upi,2026-01-06T23:45:00Z,2026-01-08T23:45:00Z,Order order_000813,{'customer_id': 'cust_0293'},captured
pay_000817,payment,setl_00040,RZP000000000817,order_000817,268223,INR,5364,966,261893,card,2026-03-11T02:17:00Z,2026-03-13T02:17:00Z,Order order_000817,{'customer_id': 'cust_0219'},captured
pay_000819,payment,setl_00040,RZP000000000819,order_000819,142854,INR,0,0,142854,upi,2026-05-12T15:28:00Z,2026-05-14T15:28:00Z,Order order_000819,{'customer_id': 'cust_0452'},captured
pay_000820,payment,setl_00041,RZP000000000820,order_000820,3813580,INR,0,0,3813580,upi,2026-05-28T17:02:00Z,2026-05-29T17:02:00Z,Order order_000820,{'customer_id': 'cust_0381'},captured
pay_000821,payment,setl_00041,RZP000000000821,order_000821,48326,INR,870,157,47299,wallet,2026-06-07T14:48:00Z,2026-06-10T14:48:00Z,Order order_000821,{'customer_id': 'cust_0031'},captured
pay_000822,payment,setl_00041,RZP000000000822,order_000822,130264,INR,2605,469,127190,card,2026-02-08T23:23:00Z,2026-02-10T23:23:00Z,Order order_000822,{'customer_id': 'cust_0211'},captured
pay_000824,payment,setl_00041,RZP000000000824,order_000824,67554,INR,0,0,67554,upi,2026-03-04T10:35:00Z,2026-03-06T10:35:00Z,Order order_000824,{'customer_id': 'cust_0224'},captured
pay_000829,payment,setl_00041,RZP000000000829,order_000829,97816,INR,1761,317,95738,wallet,2026-03-22T11:14:00Z,2026-03-25T11:14:00Z,Order order_000829,{'customer_id': 'cust_0413'},captured
pay_000834,payment,setl_00041,RZP000000000834,order_000834,198647,INR,3576,644,194427,netbanking,2026-04-24T13:15:00Z,2026-04-25T13:15:00Z,Order order_000834,{'customer_id': 'cust_0475'},captured
pay_000835,payment,setl_00041,RZP000000000835,order_000835,103982,INR,2600,468,100914,emi,2026-03-02T10:09:00Z,2026-03-03T10:09:00Z,Order order_000835,{'customer_id': 'cust_0469'},captured
pay_000838,payment,setl_00041,RZP000000000838,order_000838,70194,INR,0,0,70194,upi,2026-01-17T12:00:00Z,2026-01-19T12:00:00Z,Order order_000838,{'customer_id': 'cust_0281'},captured
pay_000841,payment,setl_00042,RZP000000000841,order_000841,1143171,INR,20577,3704,1118890,netbanking,2026-03-23T15:24:00Z,2026-03-25T15:24:00Z,Order order_000841,{'customer_id': 'cust_0134'},captured
pay_000844,payment,setl_00042,RZP000000000844,order_000844,148351,INR,0,0,148351,upi,2026-01-23T12:33:00Z,2026-01-24T12:33:00Z,Order order_000844,{'customer_id': 'cust_0008'},captured
pay_000845,payment,setl_00042,RZP000000000845,order_000845,34092,INR,614,111,33367,netbanking,2026-04-27T22:59:00Z,2026-04-29T22:59:00Z,Order order_000845,{'customer_id': 'cust_0105'},captured
pay_000853,payment,setl_00042,RZP000000000853,order_000853,150013,INR,2700,486,146827,netbanking,2026-03-22T01:30:00Z,2026-03-29T01:30:00Z,Order order_000853,{'customer_id': 'cust_0499'},captured
pay_000854,payment,setl_00042,RZP000000000854,order_000854,479361,INR,8628,1553,469180,netbanking,2026-03-09T17:38:00Z,2026-03-11T17:38:00Z,Order order_000854,{'customer_id': 'cust_0162'},captured
pay_000855,payment,setl_00042,RZP000000000855,order_000855,126192,INR,2271,409,123512,netbanking,2026-05-23T22:26:00Z,2026-05-25T22:26:00Z,Order order_000855,{'customer_id': 'cust_0097'},captured
pay_000856,payment,setl_00042,RZP000000000856,order_000856,33739,INR,0,0,33739,upi,2026-04-22T03:57:00Z,2026-04-29T03:57:00Z,Order order_000856,{'customer_id': 'cust_0021'},captured
pay_000857,payment,setl_00042,RZP000000000857,order_000857,163929,INR,0,0,163929,upi,2026-02-07T04:13:00Z,2026-02-09T04:13:00Z,Order order_000857,{'customer_id': 'cust_0146'},captured
pay_000860,payment,setl_00043,RZP000000000860,order_000860,4588,INR,0,0,4588,upi,2026-01-28T11:02:00Z,2026-01-29T11:02:00Z,Order order_000860,{'customer_id': 'cust_0426'},captured
pay_000863,payment,setl_00043,RZP000000000863,order_000863,547702,INR,9859,1775,536068,netbanking,2026-06-04T13:01:00Z,2026-06-05T13:01:00Z,Order order_000863,{'customer_id': 'cust_0123'},captured
pay_000864,payment,setl_00043,RZP000000000864,order_000864,430075,INR,10752,1935,417388,emi,2026-04-14T09:43:00Z,2026-04-16T09:43:00Z,Order order_000864,{'customer_id': 'cust_0079'},captured
pay_000869,payment,setl_00043,RZP000000000869,order_000869,310996,INR,6220,1120,303656,card,2026-03-05T17:51:00Z,2026-03-07T17:51:00Z,Order order_000869,{'customer_id': 'cust_0283'},captured
pay_000870,payment,setl_00043,RZP000000000870,order_000870,152430,INR,0,0,152430,upi,2026-06-19T19:24:00Z,2026-06-22T19:24:00Z,Order order_000870,{'customer_id': 'cust_0300'},captured
pay_000873,payment,setl_00043,RZP000000000873,order_000873,463096,INR,9262,1667,452167,card,2026-02-17T02:40:00Z,2026-02-19T02:40:00Z,Order order_000873,{'customer_id': 'cust_0447'},captured
pay_000875,payment,setl_00043,RZP000000000875,order_000875,272070,INR,5441,979,265650,card,2026-06-08T21:03:00Z,2026-06-10T21:03:00Z,Order order_000875,{'customer_id': 'cust_0354'},captured
pay_000880,payment,setl_00044,RZP000000000880,order_000880,460880,INR,8296,1493,451091,netbanking,2026-04-17T16:55:00Z,2026-04-19T16:55:00Z,Order order_000880,{'customer_id': 'cust_0284'},captured
pay_000881,payment,setl_00044,RZP000000000881,order_000881,36956,INR,924,166,35866,emi,2026-05-12T20:10:00Z,2026-05-14T20:10:00Z,Order order_000881,{'customer_id': 'cust_0464'},captured
pay_000882,payment,setl_00044,RZP000000000882,order_000882,165710,INR,2983,537,162190,netbanking,2026-05-16T00:38:00Z,2026-05-18T00:38:00Z,Order order_000882,{'customer_id': 'cust_0033'},captured
pay_000887,payment,setl_00044,RZP000000000887,order_000887,277832,INR,0,0,277832,upi,2026-05-04T04:24:00Z,2026-05-05T04:24:00Z,Order order_000887,{'customer_id': 'cust_0252'},captured
pay_000889,payment,setl_00044,RZP000000000889,order_000889,124455,INR,0,0,124455,upi,2026-01-31T19:10:00Z,2026-02-01T19:10:00Z,Order order_000889,{'customer_id': 'cust_0175'},captured
pay_000890,payment,setl_00044,RZP000000000890,order_000890,2017193,INR,36309,6536,1974348,netbanking,2026-05-23T09:07:00Z,2026-05-26T09:07:00Z,Order order_000890,{'customer_id': 'cust_0448'},captured
pay_000893,payment,setl_00044,RZP000000000893,order_000893,69918,INR,0,0,69918,upi,2026-03-16T15:04:00Z,2026-03-18T15:04:00Z,Order order_000893,{'customer_id': 'cust_0446'},captured
pay_000895,payment,setl_00044,RZP000000000895,order_000895,167569,INR,3016,543,164010,netbanking,2026-02-13T02:54:00Z,2026-02-14T02:54:00Z,Order order_000895,{'customer_id': 'cust_0213'},captured
pay_000896,payment,setl_00044,RZP000000000896,order_000896,269826,INR,0,0,269826,upi,2026-05-16T14:23:00Z,2026-05-18T14:23:00Z,Order order_000896,{'customer_id': 'cust_0220'},captured
pay_000898,payment,setl_00044,RZP000000000898,order_000898,47385,INR,948,171,46266,card,2026-04-13T05:36:00Z,2026-04-15T05:36:00Z,Order order_000898,{'customer_id': 'cust_0019'},captured
pay_000899,payment,setl_00044,RZP000000000899,order_000899,3585633,INR,71713,12908,3501012,card,2026-01-15T21:33:00Z,2026-01-22T21:33:00Z,Order order_000899,{'customer_id': 'cust_0449'},captured
pay_000901,payment,setl_00045,RZP000000000901,order_000901,28301,INR,0,0,28301,upi,2026-05-16T20:50:00Z,2026-05-19T20:50:00Z,Order order_000901,{'customer_id': 'cust_0229'},captured
pay_000905,payment,setl_00045,RZP000000000905,order_000905,339472,INR,6789,1222,331461,card,2026-01-08T18:25:00Z,2026-01-10T18:25:00Z,Order order_000905,{'customer_id': 'cust_0397'},captured
pay_000908,payment,setl_00045,RZP000000000908,order_000908,1600661,INR,28812,5186,1566663,netbanking,2026-05-17T20:19:00Z,2026-05-18T20:19:00Z,Order order_000908,{'customer_id': 'cust_0342'},captured
pay_000912,payment,setl_00045,RZP000000000912,order_000912,192839,INR,3857,694,188288,card,2026-03-09T19:56:00Z,2026-03-11T19:56:00Z,Order order_000912,{'customer_id': 'cust_0226'},captured
pay_000916,payment,setl_00045,RZP000000000916,order_000916,157377,INR,0,0,157377,upi,2026-02-06T20:07:00Z,2026-02-08T20:07:00Z,Order order_000916,{'customer_id': 'cust_0157'},captured
pay_000917,payment,setl_00045,RZP000000000917,order_000917,176113,INR,3170,571,172372,wallet,2026-03-31T02:18:00Z,2026-04-03T02:18:00Z,Order order_000917,{'customer_id': 'cust_0294'},captured
pay_000919,payment,setl_00045,RZP000000000919,order_000919,184123,INR,3314,597,180212,netbanking,2026-04-26T22:46:00Z,2026-04-28T22:46:00Z,Order order_000919,{'customer_id': 'cust_0167'},captured
pay_000921,payment,setl_00046,RZP000000000921,order_000921,1699933,INR,42498,7650,1649785,emi,2026-01-07T19:31:00Z,2026-01-09T19:31:00Z,Order order_000921,{'customer_id': 'cust_0159'},captured
pay_000923,payment,setl_00046,RZP000000000923,order_000923,53385,INR,1068,192,52125,card,2026-01-05T04:06:00Z,2026-01-07T04:06:00Z,Order order_000923,{'customer_id': 'cust_0493'},captured
pay_000932,payment,setl_00046,RZP000000000932,order_000932,73147,INR,1463,263,71421,card,2026-04-19T18:56:00Z,2026-04-21T18:56:00Z,Order order_000932,{'customer_id': 'cust_0425'},captured
pay_000934,payment,setl_00046,RZP000000000934,order_000934,78709,INR,0,0,78709,upi,2026-05-30T17:25:00Z,2026-05-31T17:25:00Z,Order order_000934,{'customer_id': 'cust_0274'},captured
pay_000935,payment,setl_00046,RZP000000000935,order_000935,91716,INR,1834,330,89552,card,2026-02-01T04:46:00Z,2026-02-03T04:46:00Z,Order order_000935,{'customer_id': 'cust_0450'},captured
pay_000939,payment,setl_00046,RZP000000000939,order_000939,142197,INR,2844,512,138841,card,2026-06-16T22:13:00Z,2026-06-17T22:13:00Z,Order order_000939,{'customer_id': 'cust_0344'},captured
pay_000941,payment,setl_00047,RZP000000000941,order_000941,129932,INR,0,0,129932,upi,2026-01-03T07:33:00Z,2026-01-05T07:33:00Z,Order order_000941,{'customer_id': 'cust_0349'},captured
pay_000945,payment,setl_00047,RZP000000000945,order_000945,233814,INR,4676,842,228296,card,2026-05-31T04:22:00Z,2026-06-02T04:22:00Z,Order order_000945,{'customer_id': 'cust_0478'},captured
pay_000950,payment,setl_00047,RZP000000000950,order_000950,526521,INR,9477,1706,515338,netbanking,2026-03-26T10:36:00Z,2026-03-27T10:36:00Z,Order order_000950,{'customer_id': 'cust_0015'},captured
pay_000956,payment,setl_00047,RZP000000000956,order_000956,272455,INR,0,0,272455,upi,2026-06-03T22:31:00Z,2026-06-05T22:31:00Z,Order order_000956,{'customer_id': 'cust_0238'},captured
pay_000957,payment,setl_00047,RZP000000000957,order_000957,1410294,INR,25385,4569,1380340,netbanking,2026-03-28T22:13:00Z,2026-03-31T22:13:00Z,Order order_000957,{'customer_id': 'cust_0233'},captured
pay_000960,payment,setl_00048,RZP000000000960,order_000960,28577,INR,0,0,28577,upi,2026-05-12T22:14:00Z,2026-05-14T22:14:00Z,Order order_000960,{'customer_id': 'cust_0454'},captured
pay_000962,payment,setl_00048,RZP000000000962,order_000962,266877,INR,5338,961,260578,card,2026-05-10T19:05:00Z,2026-05-13T19:05:00Z,Order order_000962,{'customer_id': 'cust_0101'},captured
pay_000963,payment,setl_00048,RZP000000000963,order_000963,259738,INR,6493,1169,252076,emi,2026-01-18T11:39:00Z,2026-01-19T11:39:00Z,Order order_000963,{'customer_id': 'cust_0355'},captured
pay_000967,payment,setl_00048,RZP000000000967,order_000967,59190,INR,0,0,59190,upi,2026-02-19T21:32:00Z,2026-02-21T21:32:00Z,Order order_000967,{'customer_id': 'cust_0023'},captured
pay_000970,payment,setl_00048,RZP000000000970,order_000970,599074,INR,11981,2157,584936,card,2026-02-23T10:24:00Z,2026-02-25T10:24:00Z,Order order_000970,{'customer_id': 'cust_0191'},captured
pay_000972,payment,setl_00048,RZP000000000972,order_000972,45587,INR,0,0,45587,upi,2026-02-08T11:11:00Z,2026-02-09T11:11:00Z,Order order_000972,{'customer_id': 'cust_0144'},captured
pay_000973,payment,setl_00048,RZP000000000973,order_000973,493675,INR,8886,1599,483190,wallet,2026-01-21T16:03:00Z,2026-01-23T16:03:00Z,Order order_000973,{'customer_id': 'cust_0086'},captured
pay_000976,payment,setl_00048,RZP000000000976,order_000976,266728,INR,4801,864,261063,netbanking,2026-02-21T15:25:00Z,2026-02-24T15:25:00Z,Order order_000976,{'customer_id': 'cust_0157'},captured
pay_000977,payment,setl_00048,RZP000000000977,order_000977,133910,INR,0,0,133910,upi,2026-04-06T08:41:00Z,2026-04-08T08:41:00Z,Order order_000977,{'customer_id': 'cust_0044'},captured
pay_000980,payment,setl_00049,RZP000000000980,order_000980,77354,INR,0,0,77354,upi,2026-05-20T21:58:00Z,2026-05-21T21:58:00Z,Order order_000980,{'customer_id': 'cust_0117'},captured
pay_000981,payment,setl_00049,RZP000000000981,order_000981,83884,INR,0,0,83884,upi,2026-03-26T08:32:00Z,2026-03-28T08:32:00Z,Order order_000981,{'customer_id': 'cust_0350'},captured
pay_000985,payment,setl_00049,RZP000000000985,order_000985,60974,INR,1219,219,59536,card,2026-05-23T01:01:00Z,2026-05-25T01:01:00Z,Order order_000985,{'customer_id': 'cust_0066'},captured
pay_000988,payment,setl_00049,RZP000000000988,order_000988,70341,INR,1266,228,68847,wallet,2026-06-04T20:44:00Z,2026-06-06T20:44:00Z,Order order_000988,{'customer_id': 'cust_0196'},captured
pay_000993,payment,setl_00049,RZP000000000993,order_000993,515142,INR,0,0,515142,upi,2026-02-22T10:34:00Z,2026-02-24T10:34:00Z,Order order_000993,{'customer_id': 'cust_0244'},captured
pay_000994,payment,setl_00049,RZP000000000994,order_000994,226230,INR,0,0,226230,upi,2026-02-21T17:09:00Z,2026-02-23T17:09:00Z,Order order_000994,{'customer_id': 'cust_0104'},captured
pay_000995,payment,setl_00049,RZP000000000995,order_000995,61526,INR,0,0,61526,upi,2026-05-15T11:13:00Z,2026-05-18T11:13:00Z,Order order_000995,{'customer_id': 'cust_0236'},captured
pay_000999,payment,setl_00049,RZP000000000999,order_000999,262376,INR,0,0,262376,upi,2026-01-18T23:49:00Z,2026-01-20T23:49:00Z,Order order_000999,{'customer_id': 'cust_0466'},captured
