entity_id,merchant_id,entity_type,settlement_id,settlement_utr,order_id,amount_paise,currency,fee_paise,tax_paise,net_amount_paise,payment_method,captured_at,settled_at,description,notes,status
pay_9h943ajis7tjph,merch_apollo,payment,setl_qsui2eiit4,1H2BUXSHBRV5UMQL,order_wyvs52rkg15e,386549,INR,7731,1392,377426,card,2026-02-20T14:30:00Z,2026-02-21T14:30:00Z,Order order_wyvs52rkg15e,{'customer_id': 'cust_0390'},captured
pay_862js2n85ikqbc,merch_urbanco,payment,setl_8fzygrpne8,T49EPZN5P0GY7TNG,order_8ynxwhaguil7,10939,INR,197,35,10707,netbanking,2026-02-26T21:43:00Z,2026-02-27T21:43:00Z,Order order_8ynxwhaguil7,{'customer_id': 'cust_0215'},captured
pay_15xdoqtlanjk53,merch_urbanco,payment,setl_8fzygrpne8,W7MR7IVXJ2EP30DJ,order_9a35hsrvsqhd,124308,INR,2238,403,121667,wallet,2026-02-06T19:19:00Z,2026-02-08T19:19:00Z,Order order_9a35hsrvsqhd,{'customer_id': 'cust_0149'},captured
pay_6pnlzn9cwpw222,merch_nykaa,payment,setl_4ifhlky589,JLWWYVJU1NL7QJ1U,order_8luxt9w8kkap,384948,INR,7699,1386,375863,card,2026-06-09T23:13:00Z,2026-06-11T23:13:00Z,Order order_8luxt9w8kkap,{'customer_id': 'cust_0340'},captured
pay_1fd462s3f2psey,merch_zomato,payment,setl_pfjnuzxmrz,EQJH3ZBRZV3MOXKQ,order_d38wiekkfj9x,116768,INR,0,0,116768,upi,2026-01-29T01:05:00Z,2026-02-01T01:05:00Z,Order order_d38wiekkfj9x,{'customer_id': 'cust_0275'},captured
pay_na3pjer560du48,merch_bluedart,payment,setl_5b44fp7f25,O566KNJ8O894X0AS,order_exs00l7r8u4e,7023,INR,0,0,7023,upi,2026-03-12T03:11:00Z,2026-03-14T03:11:00Z,Order order_exs00l7r8u4e,{'customer_id': 'cust_0152'},captured
pay_vanag67ew020f2,merch_bluedart,payment,setl_5b44fp7f25,KH4N7W3BEX2P4TIJ,order_uno9b2zqekfq,507698,INR,0,0,507698,upi,2026-01-20T16:56:00Z,2026-01-22T16:56:00Z,Order order_uno9b2zqekfq,{'customer_id': 'cust_0054'},captured
pay_g5yobnonbs2gst,merch_zomato,payment,setl_pfjnuzxmrz,3OXQYUFUJ5P2WX97,order_geh3965myqez,113361,INR,0,0,113361,upi,2026-01-30T10:31:00Z,2026-02-01T10:31:00Z,Order order_geh3965myqez,{'customer_id': 'cust_0213'},captured
pay_a6dwplz3ao059u,merch_urbanco,payment,setl_8fzygrpne8,3BVS0CXIC2WXEA2N,order_r54gen52opxi,141756,INR,2552,459,138745,netbanking,2026-06-18T04:03:00Z,2026-06-20T04:03:00Z,Order order_r54gen52opxi,{'customer_id': 'cust_0260'},captured
pay_gsoufltt1u7g4o,merch_apollo,payment,setl_qsui2eiit4,PL4ZBUKMDHBCVCFF,order_eekqmxy0gfi5,182600,INR,3652,657,178291,card,2026-01-30T17:31:00Z,2026-02-06T17:31:00Z,Order order_eekqmxy0gfi5,{'customer_id': 'cust_0410'},captured
pay_7xtk00do6kngbz,merch_nykaa,payment,setl_4ifhlky589,NPHSB8E6HFZROC99,order_gfhulnbvrdqn,214027,INR,4281,771,208975,card,2026-04-11T23:25:00Z,2026-04-13T23:25:00Z,Order order_gfhulnbvrdqn,{'customer_id': 'cust_0286'},captured
pay_ybtrxyjmuye5sj,merch_urbanco,payment,setl_8fzygrpne8,Y0VUJ0RIE0ZNCQZR,order_nqg9j00x8miu,107156,INR,1929,347,104880,wallet,2026-03-11T18:43:00Z,2026-03-13T18:43:00Z,Order order_nqg9j00x8miu,{'customer_id': 'cust_0010'},captured
pay_0e590vdlqjvnt2,merch_zomato,payment,setl_pfjnuzxmrz,O07FOSF2CT6XDUOJ,order_l593hp4yubcg,197522,INR,0,0,197522,upi,2026-01-27T09:37:00Z,2026-01-28T09:37:00Z,Order order_l593hp4yubcg,{'customer_id': 'cust_0395'},captured
pay_f4hrk57qrnmckm,merch_bluedart,payment,setl_5b44fp7f25,573F9I0L7JSU1LDY,order_1jams9s2ecn9,109365,INR,0,0,109365,upi,2026-05-24T21:01:00Z,2026-05-31T21:01:00Z,Order order_1jams9s2ecn9,{'customer_id': 'cust_0445'},captured
pay_baizbtn25jkno4,merch_apollo,payment,setl_qsui2eiit4,DD36X5UIRKGXM8VX,order_rz4iu87hlxqx,1509798,INR,30196,5435,1474167,card,2026-03-18T11:18:00Z,2026-03-21T11:18:00Z,Order order_rz4iu87hlxqx,{'customer_id': 'cust_0166'},captured
pay_oa1v500b5iqu8d,merch_urbanco,payment,setl_8fzygrpne8,MQ0ZFC7X6NYWETDH,order_9hxsqfb2bv5j,33064,INR,661,119,32284,card,2026-01-11T04:33:00Z,2026-01-12T04:33:00Z,Order order_9hxsqfb2bv5j,{'customer_id': 'cust_0459'},captured
pay_rq859djuxl4o50,merch_lenskart,payment,setl_71hfe86y5r,V2JJVZTE109GJU7I,order_qhqbzt8cboiz,423369,INR,7621,1372,414376,wallet,2026-04-24T09:51:00Z,2026-04-25T09:51:00Z,Order order_qhqbzt8cboiz,{'customer_id': 'cust_0140'},captured
pay_jpe56lh4xurdm4,merch_urbanco,payment,setl_8fzygrpne8,ZB1XBVDTHYR3XCNT,order_jwjrykcqpgwt,139138,INR,0,0,139138,upi,2026-01-20T18:17:00Z,2026-01-21T18:17:00Z,Order order_jwjrykcqpgwt,{'customer_id': 'cust_0332'},captured
pay_jktsglbdb5g6ry,merch_apollo,payment,setl_cah81ghzb2,PJ5880C71C1DU9FR,order_10p70autpvjn,126472,INR,2276,410,123786,netbanking,2026-04-11T01:32:00Z,2026-04-12T01:32:00Z,Order order_10p70autpvjn,{'customer_id': 'cust_0378'},captured
pay_w63st766z2w6a7,merch_urbanco,payment,setl_8fzygrpne8,7CSQ0FULIWA5HNQN,order_dnaiswv69nl8,2017193,INR,36309,6536,1974348,netbanking,2026-05-23T09:07:00Z,2026-05-26T09:07:00Z,Order order_dnaiswv69nl8,{'customer_id': 'cust_0463'},captured
pay_vzv8kpwo876189,merch_zomato,payment,setl_pfjnuzxmrz,V5RF9WBFH7GFRCU6,order_mw0f3lr0ruii,75520,INR,0,0,75520,upi,2026-05-03T22:42:00Z,2026-05-10T22:42:00Z,Order order_mw0f3lr0ruii,{'customer_id': 'cust_0219'},captured
pay_44v3d0dtocv6ld,merch_lenskart,payment,setl_feoxkbs04v,SWCPC4HRAJ69T67F,order_xwkjt9w68eno,354249,INR,7085,1275,345889,card,2026-03-04T22:30:00Z,2026-03-06T22:30:00Z,Order order_xwkjt9w68eno,{'customer_id': 'cust_0333'},captured
pay_ws7w4fdknq4ri9,merch_apollo,payment,setl_cah81ghzb2,I916DKWWMDO29O54,order_1knlqnui1an2,564235,INR,11285,2031,550919,card,2026-01-12T20:29:00Z,2026-01-13T20:29:00Z,Order order_1knlqnui1an2,{'customer_id': 'cust_0041'},captured
pay_zem0chirjnpgzy,merch_apollo,payment,setl_cah81ghzb2,LHUDA0ED599AU0K4,order_c496dhbg68xo,124828,INR,2497,449,121882,card,2026-04-30T20:17:00Z,2026-05-01T20:17:00Z,Order order_c496dhbg68xo,{'customer_id': 'cust_0227'},captured
pay_o2k6m0aqull6bm,merch_zomato,payment,setl_pfjnuzxmrz,GNLUPJ2EW6QRHP1A,order_jatyb1strpuf,269900,INR,5398,972,263530,card,2026-02-05T15:56:00Z,2026-02-07T15:56:00Z,Order order_jatyb1strpuf,{'customer_id': 'cust_0047'},captured
pay_uzpduotf6o8k8p,merch_lenskart,payment,setl_feoxkbs04v,NNLW0P4E8VC2DJR5,order_kirpy4mv1ebf,2124547,INR,0,0,2124547,upi,2026-04-06T00:10:00Z,2026-04-08T00:10:00Z,Order order_kirpy4mv1ebf,{'customer_id': 'cust_0352'},captured
pay_ljrp1bg5r7cgjw,merch_urbanco,payment,setl_t69rq553r8,PBIH0QD1Q8HHTK6E,order_yf3nudrhbhw2,408504,INR,0,0,408504,upi,2026-01-26T13:02:00Z,2026-01-28T13:02:00Z,Order order_yf3nudrhbhw2,{'customer_id': 'cust_0017'},captured
pay_lsgh289xi1enni,merch_lenskart,payment,setl_feoxkbs04v,E1DJ90GNWXPUAM9W,order_jajusi989iog,134547,INR,2691,484,131372,card,2026-03-04T08:52:00Z,2026-03-06T08:52:00Z,Order order_jajusi989iog,{'customer_id': 'cust_0380'},captured
pay_gbfetb2hzh5c48,merch_zomato,payment,setl_n2p6lw4hzy,4CU7S5UC6YDVJ0R7,order_xj3defut6y3k,196721,INR,3541,637,192543,netbanking,2026-01-15T15:14:00Z,2026-01-17T15:14:00Z,Order order_xj3defut6y3k,{'customer_id': 'cust_0164'},captured
pay_vfho363lhynsi7,merch_zomato,payment,setl_n2p6lw4hzy,FKYGZXI184KNSDBK,order_u84kq99jcz5s,155611,INR,0,0,155611,upi,2026-05-01T01:34:00Z,2026-05-03T01:34:00Z,Order order_u84kq99jcz5s,{'customer_id': 'cust_0295'},captured
pay_vzoxo26667fnqp,merch_lenskart,payment,setl_feoxkbs04v,L6IQ1TGMMMFHS3KT,order_2mstx2pr1db1,63355,INR,1140,205,62010,netbanking,2026-06-01T14:48:00Z,2026-06-03T14:48:00Z,Order order_2mstx2pr1db1,{'customer_id': 'cust_0173'},captured
pay_zeth3tsvr4a1zs,merch_bluedart,payment,setl_5b44fp7f25,R8PDSJYJLEWQ9YK0,order_z3mu94m4hg1v,196120,INR,3530,635,191955,netbanking,2026-06-04T07:46:00Z,2026-06-06T07:46:00Z,Order order_z3mu94m4hg1v,{'customer_id': 'cust_0182'},captured
pay_92tqyep8mdpqqt,merch_lenskart,payment,setl_feoxkbs04v,DCCNTZQNJDP9U6YS,order_ssotnlkp8xdf,859309,INR,15468,2784,841057,netbanking,2026-03-07T05:28:00Z,2026-03-09T05:28:00Z,Order order_ssotnlkp8xdf,{'customer_id': 'cust_0162'},captured
pay_3fjgsrl2ht5lz2,merch_urbanco,payment,setl_t69rq553r8,LNWRQL8MGZCVIH5S,order_801jocuoo2ho,74929,INR,1349,243,73337,wallet,2026-05-14T00:48:00Z,2026-05-16T00:48:00Z,Order order_801jocuoo2ho,{'customer_id': 'cust_0471'},captured
pay_0w6v94jfpjdy6c,merch_urbanco,payment,setl_t69rq553r8,RMP0JLONDJRU2V2V,order_111i7db44gs7,37052,INR,667,120,36265,netbanking,2026-02-09T23:41:00Z,2026-02-12T23:41:00Z,Order order_111i7db44gs7,{'customer_id': 'cust_0018'},captured
pay_qch3rv6urok78b,merch_nykaa,payment,setl_rcicpbhxvx,RD2307LHIRFEEHZM,order_7n324h6zyh86,909285,INR,16367,2946,889972,netbanking,2026-05-21T19:55:00Z,2026-05-24T19:55:00Z,Order order_7n324h6zyh86,{'customer_id': 'cust_0123'},captured
pay_dvrxlk1vwosdn9,merch_lenskart,payment,setl_jrosde65qs,EOU1F4S1OMNO1VRS,order_4oapddkmphfi,402342,INR,0,0,402342,upi,2026-06-07T12:58:00Z,2026-06-08T12:58:00Z,Order order_4oapddkmphfi,{'customer_id': 'cust_0269'},captured
pay_827dnjr94auo0a,merch_zomato,payment,setl_n2p6lw4hzy,6REAHXZXLSAYDSRB,order_n2ybq65ad49q,418686,INR,0,0,418686,upi,2026-03-17T15:43:00Z,2026-03-18T15:43:00Z,Order order_n2ybq65ad49q,{'customer_id': 'cust_0410'},captured
pay_sywt2s5mbfypso,merch_bluedart,payment,setl_cea2mqttkp,YVOY9RWV98KXCV2Y,order_ucyb1sho44tv,488322,INR,0,0,488322,upi,2026-06-11T02:15:00Z,2026-06-13T02:15:00Z,Order order_ucyb1sho44tv,{'customer_id': 'cust_0202'},captured
pay_ndqux6frsk21h9,merch_urbanco,payment,setl_jzsdq6081w,Z38U0HN8FWXZMPA8,order_6i52mbtox7xu,112329,INR,0,0,112329,upi,2026-03-25T06:54:00Z,2026-03-26T06:54:00Z,Order order_6i52mbtox7xu,{'customer_id': 'cust_0066'},captured
pay_229jnee4f87kk4,merch_urbanco,payment,setl_jzsdq6081w,IJIXXOOV9VERSSIQ,order_d0klu2xdrzb6,556696,INR,13917,2505,540274,emi,2026-03-27T00:52:00Z,2026-03-28T00:52:00Z,Order order_d0klu2xdrzb6,{'customer_id': 'cust_0267'},captured
pay_75s1ywiw14ypgj,merch_lenskart,payment,setl_jrosde65qs,S0YB31GY2QUKU5BC,order_y8a7smxweswn,294235,INR,5296,953,287986,netbanking,2026-05-10T19:57:00Z,2026-05-12T19:57:00Z,Order order_y8a7smxweswn,{'customer_id': 'cust_0182'},captured
pay_oy3tzmangwbj87,merch_apollo,payment,setl_cah81ghzb2,NITL9C478C9SIYV5,order_zewkgnh32rgj,25706,INR,463,83,25160,wallet,2026-02-28T16:20:00Z,2026-03-02T16:20:00Z,Order order_zewkgnh32rgj,{'customer_id': 'cust_0017'},captured
pay_u7q5w9ucjy5d42,merch_nykaa,payment,setl_g5wjzkie9x,DNSGXFL9QX3PHYR2,order_gl29mzpeb4ti,283253,INR,5665,1020,276568,card,2026-04-16T11:45:00Z,2026-04-17T11:45:00Z,Order order_gl29mzpeb4ti,{'customer_id': 'cust_0202'},captured
pay_04vdokg8pbi6ty,merch_nykaa,payment,setl_g5wjzkie9x,22Q2MF0YZQWGF097,order_gb3b9eejl640,527830,INR,9501,1710,516619,netbanking,2026-01-03T07:26:00Z,2026-01-04T07:26:00Z,Order order_gb3b9eejl640,{'customer_id': 'cust_0453'},captured
pay_6q9fj5ogeczlf8,merch_urbanco,payment,setl_jzsdq6081w,2F45NXVP1NHNTOHV,order_itbn3nyfefgc,19296,INR,0,0,19296,upi,2026-05-12T21:43:00Z,2026-05-15T21:43:00Z,Order order_itbn3nyfefgc,{'customer_id': 'cust_0358'},captured
pay_rvpjssj5qcomr2,merch_apollo,payment,setl_4m1mvohiti,OHRBTS57M8OEKD3N,order_gl21qfmkeuc2,124723,INR,2494,449,121780,card,2026-04-12T10:27:00Z,2026-04-14T10:27:00Z,Order order_gl21qfmkeuc2,{'customer_id': 'cust_0498'},captured
pay_hov5usoap4jedp,merch_bluedart,payment,setl_cea2mqttkp,ZLUE1YELA65YQXII,order_8gorgl31273y,216288,INR,0,0,216288,upi,2026-04-02T14:30:00Z,2026-04-04T14:30:00Z,Order order_8gorgl31273y,{'customer_id': 'cust_0420'},captured
pay_ogg4q426tkdlyj,merch_nykaa,payment,setl_g5wjzkie9x,D0G9VQDR8W6GGHT7,order_qg2n72czy08v,305276,INR,7632,1374,296270,emi,2026-03-29T08:30:00Z,2026-03-30T08:30:00Z,Order order_qg2n72czy08v,{'customer_id': 'cust_0434'},captured
pay_90a4acv90ml0dd,merch_nykaa,payment,setl_g5wjzkie9x,700XX57G7P015O9F,order_0311zxofiptf,72921,INR,0,0,72921,upi,2026-05-16T14:00:00Z,2026-05-18T14:00:00Z,Order order_0311zxofiptf,{'customer_id': 'cust_0061'},captured
pay_felejz550k17hv,merch_zomato,payment,setl_n2p6lw4hzy,K78Y4SVL68ENVW6L,order_qg9vwr7kufzl,73294,INR,0,0,73294,upi,2026-05-21T13:14:00Z,2026-05-23T13:14:00Z,Order order_qg9vwr7kufzl,{'customer_id': 'cust_0032'},captured
pay_eu3d6vkjex1bsi,merch_bluedart,payment,setl_cea2mqttkp,PXP9SBZXJ2SQRG80,order_4jwktbo3ablg,41806,INR,836,150,40820,card,2026-06-16T16:24:00Z,2026-06-18T16:24:00Z,Order order_4jwktbo3ablg,{'customer_id': 'cust_0303'},captured
pay_14st1d5pcs2l02,merch_urbanco,payment,setl_b6r0dbb1bq,SAHSRFZ0YE2PKG3A,order_icdbqtbghoe7,484445,INR,12111,2180,470154,emi,2026-04-12T09:10:00Z,2026-04-14T09:10:00Z,Order order_icdbqtbghoe7,{'customer_id': 'cust_0422'},captured
pay_n1s0wyrj0qvnq1,merch_zomato,payment,setl_n2p6lw4hzy,F2HGY2EBAMCFDB0A,order_a2y06a2ab4nj,26163,INR,523,94,25546,card,2026-04-02T07:00:00Z,2026-04-04T07:00:00Z,Order order_a2y06a2ab4nj,{'customer_id': 'cust_0202'},captured
pay_3slpk8379fvpc4,merch_zomato,payment,setl_n2p6lw4hzy,DSL68BPS4E6UNEP8,order_utjnha40obh5,95810,INR,1916,345,93549,card,2026-03-10T09:13:00Z,2026-03-11T09:13:00Z,Order order_utjnha40obh5,{'customer_id': 'cust_0033'},captured
pay_5vcbjb2aizesjh,merch_urbanco,payment,setl_b6r0dbb1bq,GS0AMIYNEO8QZ2HT,order_h4vaehmrlcwo,604719,INR,10885,1959,591875,wallet,2026-03-29T03:24:00Z,2026-03-31T03:24:00Z,Order order_h4vaehmrlcwo,{'customer_id': 'cust_0345'},captured
pay_bijxk11t9xwlbt,merch_bluedart,payment,setl_cea2mqttkp,PP80Z2X81F7T3BQC,order_h54qy0r7o7au,154459,INR,3089,556,150814,card,2026-05-16T05:39:00Z,2026-05-18T05:39:00Z,Order order_h54qy0r7o7au,{'customer_id': 'cust_0128'},captured
pay_yzph1syy09pkal,merch_lenskart,payment,setl_jrosde65qs,CTJG1WW3RV2WZU2A,order_5oirddflq8c3,63534,INR,0,0,63534,upi,2026-01-11T08:08:00Z,2026-01-13T08:08:00Z,Order order_5oirddflq8c3,{'customer_id': 'cust_0305'},captured
pay_9qp18cm4nwn14n,merch_lenskart,payment,setl_jrosde65qs,MXS3N8BGJ4DFKJSG,order_c04se5rv6kr3,66706,INR,0,0,66706,upi,2026-02-05T10:34:00Z,2026-02-07T10:34:00Z,Order order_c04se5rv6kr3,{'customer_id': 'cust_0366'},captured
pay_oimpdc6t8j0dpg,merch_nykaa,payment,setl_g5wjzkie9x,QZEDLE726O6AM17P,order_w57bqoit5qs1,109251,INR,0,0,109251,upi,2026-02-06T19:44:00Z,2026-02-13T19:44:00Z,Order order_w57bqoit5qs1,{'customer_id': 'cust_0038'},captured
pay_8reuqm16pvru6w,merch_nykaa,payment,setl_g5wjzkie9x,M15PATPBABRRRSWW,order_vup8xydqfryx,109456,INR,2189,394,106873,card,2026-05-23T19:57:00Z,2026-05-30T19:57:00Z,Order order_vup8xydqfryx,{'customer_id': 'cust_0195'},captured
pay_snfui1kv5hjpnq,merch_apollo,payment,setl_4m1mvohiti,GL4HORZYQMWCHWCI,order_vg3oyvdnjgne,99916,INR,0,0,99916,upi,2026-04-09T22:13:00Z,2026-04-11T22:13:00Z,Order order_vg3oyvdnjgne,{'customer_id': 'cust_0395'},captured
pay_1q97t8ol4sdaw7,merch_lenskart,payment,setl_jk8v4druwn,P4KSDTRU71M8WSV0,order_r953wve9a6zf,409032,INR,7363,1325,400344,wallet,2026-05-04T04:03:00Z,2026-05-06T04:03:00Z,Order order_r953wve9a6zf,{'customer_id': 'cust_0258'},captured
pay_02gt1543fjnq45,merch_urbanco,payment,setl_b6r0dbb1bq,PR4JJUSR5WQWV0HT,order_wpk55z6kwdsh,49567,INR,1239,223,48105,emi,2026-01-09T21:32:00Z,2026-01-11T21:32:00Z,Order order_wpk55z6kwdsh,{'customer_id': 'cust_0430'},captured
pay_0h3vpfj7mdntt7,merch_nykaa,payment,setl_obvrdd0i74,4GYU8BMNTWLPG6EL,order_3377lgtteigf,259258,INR,5185,933,253140,card,2026-04-16T19:14:00Z,2026-04-17T19:14:00Z,Order order_3377lgtteigf,{'customer_id': 'cust_0207'},captured
pay_ur6yfto9n0uqu4,merch_bluedart,payment,setl_x4yy2sdtw4,3J6WOE2EAOJLPGRT,order_qb6v92iyxxpz,159629,INR,3193,575,155861,card,2026-05-27T00:21:00Z,2026-06-03T00:21:00Z,Order order_qb6v92iyxxpz,{'customer_id': 'cust_0279'},captured
pay_nk74rds5ia1tlt,merch_urbanco,payment,setl_b6r0dbb1bq,M5XYF4BJUSFRTUAG,order_j7jbjztfqao8,258096,INR,5162,929,252005,card,2026-06-01T03:31:00Z,2026-06-03T03:31:00Z,Order order_j7jbjztfqao8,{'customer_id': 'cust_0151'},captured
pay_2k4p38f8k61v5n,merch_urbanco,payment,setl_b6r0dbb1bq,PJ45ANN58KEW2VX4,order_mkyv3h3h99jl,227673,INR,0,0,227673,upi,2026-04-28T05:22:00Z,2026-04-29T05:22:00Z,Order order_mkyv3h3h99jl,{'customer_id': 'cust_0062'},captured
pay_uf1c6ovzu6aq6n,merch_bluedart,payment,setl_x4yy2sdtw4,LK13LI2W2ZDVPTFX,order_izu9069g38ni,112577,INR,2026,365,110186,netbanking,2026-02-24T08:11:00Z,2026-02-26T08:11:00Z,Order order_izu9069g38ni,{'customer_id': 'cust_0225'},captured
pay_o7utf6tdjr9hwv,merch_bluedart,payment,setl_x4yy2sdtw4,T5G5FHC7UOS2R0NN,order_9czmxolf9uoz,224194,INR,4484,807,218903,card,2026-06-10T13:47:00Z,2026-06-17T13:47:00Z,Order order_9czmxolf9uoz,{'customer_id': 'cust_0185'},captured
pay_6ypp9nk83l1bo3,merch_nykaa,payment,setl_obvrdd0i74,CZGGW585E03ZW8CX,order_035735kr4q4t,1234620,INR,0,0,1234620,upi,2026-03-02T08:33:00Z,2026-03-04T08:33:00Z,Order order_035735kr4q4t,{'customer_id': 'cust_0070'},captured
pay_e19cqg7rfrwck4,merch_zomato,payment,setl_dt2cjbijhs,8Y9PT6BOFTGKABKB,order_qtrh0f9e4ebl,95088,INR,0,0,95088,upi,2026-04-12T09:48:00Z,2026-04-13T09:48:00Z,Order order_qtrh0f9e4ebl,{'customer_id': 'cust_0431'},captured
pay_hctld7r9z17qpe,merch_nykaa,payment,setl_obvrdd0i74,NHG41O6RPGT01YII,order_7rrozuj0fd0g,529390,INR,0,0,529390,upi,2026-01-01T06:29:00Z,2026-01-03T06:29:00Z,Order order_7rrozuj0fd0g,{'customer_id': 'cust_0429'},captured
pay_lerksjgam9oga3,merch_bluedart,payment,setl_x4yy2sdtw4,CFTESRPSOY7O0XKL,order_i5pi7mdsi2n5,154700,INR,2785,501,151414,netbanking,2026-06-22T23:38:00Z,2026-06-24T23:38:00Z,Order order_i5pi7mdsi2n5,{'customer_id': 'cust_0170'},captured
pay_ada1droxri8suy,merch_lenskart,payment,setl_jk8v4druwn,F90WUSZEHS50QBYE,order_o8rylbu9xto1,1253898,INR,0,0,1253898,upi,2026-05-19T18:57:00Z,2026-05-22T18:57:00Z,Order order_o8rylbu9xto1,{'customer_id': 'cust_0088'},captured
pay_a1fhgnr1v4gxup,merch_bluedart,payment,setl_x4yy2sdtw4,D7P1CVW453KS1COD,order_m3vtm9mt9e4o,172926,INR,3113,560,169253,netbanking,2026-01-08T03:49:00Z,2026-01-09T03:49:00Z,Order order_m3vtm9mt9e4o,{'customer_id': 'cust_0287'},captured
pay_sdoxeyn3ks1cg1,merch_bluedart,payment,setl_x4yy2sdtw4,HXGZHCUT20QBVLL7,order_5qn2y74cqg1f,1244192,INR,0,0,1244192,upi,2026-06-25T04:17:00Z,2026-06-27T04:17:00Z,Order order_5qn2y74cqg1f,{'customer_id': 'cust_0237'},captured
pay_qdzearhwv5235s,merch_bluedart,payment,setl_x4yy2sdtw4,HJZI5IBFKM9YCDUA,order_0tz68ilsp4f2,30399,INR,608,109,29682,card,2026-05-30T06:17:00Z,2026-05-31T06:17:00Z,Order order_0tz68ilsp4f2,{'customer_id': 'cust_0038'},captured
pay_4h1yvwegctuy9j,merch_lenskart,payment,setl_jk8v4druwn,5W602O9JAQMTXRDL,order_2967rx9e5dvx,95734,INR,1723,310,93701,netbanking,2026-02-27T03:43:00Z,2026-03-01T03:43:00Z,Order order_2967rx9e5dvx,{'customer_id': 'cust_0497'},captured
pay_089gpbpu5fa08k,merch_urbanco,payment,setl_e6o288sjff,J8CYVRPUJ3YVV842,order_fgafyrs2suo1,513131,INR,0,0,513131,upi,2026-02-16T18:32:00Z,2026-02-17T18:32:00Z,Order order_fgafyrs2suo1,{'customer_id': 'cust_0249'},captured
pay_gxooldv4nmuf71,merch_zomato,payment,setl_n8yqp06ewk,3UDETSE68UCH5JXL,order_mb0zzc4zte1n,165744,INR,0,0,165744,upi,2026-01-18T08:47:00Z,2026-01-19T08:47:00Z,Order order_mb0zzc4zte1n,{'customer_id': 'cust_0396'},captured
pay_20223rd8lwrusl,merch_bluedart,payment,setl_d4rp06720j,FIHQDEBIOMQXI4LI,order_ipnzq7uazjt1,173994,INR,0,0,173994,upi,2026-02-25T06:25:00Z,2026-02-27T06:25:00Z,Order order_ipnzq7uazjt1,{'customer_id': 'cust_0094'},captured
pay_5toldbijxfgdwu,merch_nykaa,payment,setl_1epoqmp00s,ZS08U9YB2G32FX0Y,order_7n4kivjr77t3,679310,INR,13586,2445,663279,card,2026-06-17T19:51:00Z,2026-06-19T19:51:00Z,Order order_7n4kivjr77t3,{'customer_id': 'cust_0113'},captured
pay_376hlqvptsq4l8,merch_lenskart,payment,setl_jk8v4druwn,4UT289DZ0GMEJSWA,order_hp16u296srjl,199081,INR,3982,717,194382,card,2026-03-05T18:30:00Z,2026-03-12T18:30:00Z,Order order_hp16u296srjl,{'customer_id': 'cust_0016'},captured
pay_qvtttfqltojmmj,merch_lenskart,payment,setl_b1c5euzy3a,38ODKNDF3Y8CFC5D,order_l3dgw7lgcm76,21593,INR,432,78,21083,card,2026-04-17T16:34:00Z,2026-04-19T16:34:00Z,Order order_l3dgw7lgcm76,{'customer_id': 'cust_0081'},captured
pay_32sdxwkgpsejvi,merch_apollo,payment,setl_pe6tlmasup,V4XE96C0MI8YGBM4,order_fpe2zh6d6xko,44787,INR,0,0,44787,upi,2026-06-05T15:56:00Z,2026-06-07T15:56:00Z,Order order_fpe2zh6d6xko,{'customer_id': 'cust_0431'},captured
pay_9w0fdpj3wivi55,merch_apollo,payment,setl_pe6tlmasup,ORB9XHNKJ4I0YLTO,order_rfge2e636oqf,116019,INR,0,0,116019,upi,2026-05-01T05:22:00Z,2026-05-03T05:22:00Z,Order order_rfge2e636oqf,{'customer_id': 'cust_0425'},captured
pay_4bw1q52ugppqvh,merch_lenskart,payment,setl_b1c5euzy3a,F3D9MCON9NKYSOVD,order_u95t7aienorw,56164,INR,0,0,56164,upi,2026-04-23T20:27:00Z,2026-04-24T20:27:00Z,Order order_u95t7aienorw,{'customer_id': 'cust_0202'},captured
pay_ci9kmlo5zc9r95,merch_nykaa,payment,setl_1epoqmp00s,9UL0NPYW3WHXB0SA,order_dyg7nm40mh8n,379581,INR,0,0,379581,upi,2026-02-13T14:51:00Z,2026-02-15T14:51:00Z,Order order_dyg7nm40mh8n,{'customer_id': 'cust_0150'},captured
pay_zf6u6k754gag7a,merch_nykaa,payment,setl_1epoqmp00s,UG50QPKJK3YMU0CG,order_iwjnjqsd4ds4,211539,INR,3808,685,207046,wallet,2026-05-15T20:18:00Z,2026-05-18T20:18:00Z,Order order_iwjnjqsd4ds4,{'customer_id': 'cust_0301'},captured
pay_lmv2zapvzok2gh,merch_apollo,payment,setl_my3ou14ghr,3M24L7ESWQBQWGS2,order_i5jh8g9pv1xy,98494,INR,0,0,98494,upi,2026-01-20T19:22:00Z,2026-01-22T19:22:00Z,Order order_i5jh8g9pv1xy,{'customer_id': 'cust_0201'},captured
pay_1vr05tm7y00suz,merch_nykaa,payment,setl_1epoqmp00s,U2RRV85ABZEJ7GD0,order_gbwinntr6xru,313001,INR,5634,1014,306353,netbanking,2026-02-01T15:40:00Z,2026-02-03T15:40:00Z,Order order_gbwinntr6xru,{'customer_id': 'cust_0091'},captured
pay_tz2hyfcgqkyot8,merch_nykaa,payment,setl_0d72z3xdgz,3KUJE1XVZ0DSXBLF,order_o3b6d4w1rrqj,3044660,INR,54804,9865,2979991,netbanking,2026-03-30T08:49:00Z,2026-03-31T08:49:00Z,Order order_o3b6d4w1rrqj,{'customer_id': 'cust_0305'},captured
pay_5fsyu0x1lfwbyz,merch_urbanco,payment,setl_kw6v2xefm4,IL7AKO9A90YDHQGH,order_4b9eolsncvoh,885106,INR,15932,2868,866306,netbanking,2026-06-28T23:03:00Z,2026-06-30T23:03:00Z,Order order_4b9eolsncvoh,{'customer_id': 'cust_0008'},captured
pay_rudzjf7knqvrkt,merch_urbanco,payment,setl_kw6v2xefm4,2C52KQPK6G4EJC1S,order_aobqeaudagev,17730,INR,0,0,17730,upi,2026-01-30T10:33:00Z,2026-01-31T10:33:00Z,Order order_aobqeaudagev,{'customer_id': 'cust_0024'},captured
pay_6mtds9lf0e7kyh,merch_lenskart,payment,setl_aotum1hp6p,AD6M3UZVF0LC12FH,order_ojegh8z1kg13,50837,INR,0,0,50837,upi,2026-01-06T22:35:00Z,2026-01-08T22:35:00Z,Order order_ojegh8z1kg13,{'customer_id': 'cust_0041'},captured
pay_ri5rdx8l56u9c3,merch_apollo,payment,setl_my3ou14ghr,3GZ0YWR56ANW1JJE,order_cmwa5uboef1y,164000,INR,0,0,164000,upi,2026-04-25T11:51:00Z,2026-04-26T11:51:00Z,Order order_cmwa5uboef1y,{'customer_id': 'cust_0104'},captured
pay_yfjaoczyvhkm53,merch_zomato,payment,setl_r4tdgo2ytd,GPDX6R51MKZVND19,order_9efnnxwmt9we,653776,INR,13076,2354,638346,card,2026-02-09T22:36:00Z,2026-02-11T22:36:00Z,Order order_9efnnxwmt9we,{'customer_id': 'cust_0401'},captured
pay_47e10hnx8unach,merch_nykaa,payment,setl_0d72z3xdgz,PFWNZ4X9ZGDSJXOZ,order_3wv2nqzeelnm,47001,INR,0,0,47001,upi,2026-04-03T08:05:00Z,2026-04-04T08:05:00Z,Order order_3wv2nqzeelnm,{'customer_id': 'cust_0178'},captured
pay_badl1o9v1i26hj,merch_zomato,payment,setl_r4tdgo2ytd,XEEM2HQACCTH7MCL,order_4ajlab9gnos1,448134,INR,8066,1452,438616,wallet,2026-01-22T06:43:00Z,2026-01-24T06:43:00Z,Order order_4ajlab9gnos1,{'customer_id': 'cust_0003'},captured
pay_pv474vwl7bmatb,merch_bluedart,payment,setl_ye8b213k0k,ZSLUO5VPNVAAGNXX,order_4pi8989mfyg4,628502,INR,12570,2263,613669,card,2026-04-11T08:01:00Z,2026-04-12T08:01:00Z,Order order_4pi8989mfyg4,{'customer_id': 'cust_0484'},captured
pay_4oecmgs5mgdfwa,merch_lenskart,payment,setl_aotum1hp6p,GLZ2BWJMT7ZQ6W5R,order_kj6vqy992py8,27982,INR,0,0,27982,upi,2026-01-20T20:39:00Z,2026-01-22T20:39:00Z,Order order_kj6vqy992py8,{'customer_id': 'cust_0124'},captured
pay_lkawxbc7d9rvwd,merch_lenskart,payment,setl_aotum1hp6p,WP99LHEVQCQPBWV6,order_jcmyn6ttqfwn,268304,INR,4829,869,262606,netbanking,2026-04-15T23:06:00Z,2026-04-17T23:06:00Z,Order order_jcmyn6ttqfwn,{'customer_id': 'cust_0356'},captured
pay_xafznzmlb1407n,merch_bluedart,payment,setl_ye8b213k0k,6ZT0C8A6STL38MGX,order_jjjzjv90sh3n,50511,INR,0,0,50511,upi,2026-02-15T23:37:00Z,2026-02-16T23:37:00Z,Order order_jjjzjv90sh3n,{'customer_id': 'cust_0330'},captured
pay_vm2y3jpq0oewbw,merch_urbanco,payment,setl_5mtw5nll5z,BLB7BEZ0BIGO8VOF,order_n2i6q9tl0a1a,129971,INR,2599,468,126904,card,2026-03-21T05:39:00Z,2026-03-23T05:39:00Z,Order order_n2i6q9tl0a1a,{'customer_id': 'cust_0473'},captured
pay_78e6o8lun5121d,merch_apollo,payment,setl_unqlf313b9,5YHNW4OE3B6B4YAC,order_oqymujfufzhs,124460,INR,2240,403,121817,wallet,2026-01-06T04:54:00Z,2026-01-08T04:54:00Z,Order order_oqymujfufzhs,{'customer_id': 'cust_0443'},captured
pay_khbg05m1gdt3xq,merch_nykaa,payment,setl_0d72z3xdgz,GKGZSNSUG8MIA3JD,order_z1xwflxnmwer,234529,INR,4222,760,229547,netbanking,2026-01-24T03:16:00Z,2026-01-26T03:16:00Z,Order order_z1xwflxnmwer,{'customer_id': 'cust_0268'},captured
pay_kj3myiugfzivl8,merch_lenskart,payment,setl_aotum1hp6p,MI1H97107JP77USX,order_wuajltzybbil,177289,INR,0,0,177289,upi,2026-02-04T23:34:00Z,2026-02-06T23:34:00Z,Order order_wuajltzybbil,{'customer_id': 'cust_0233'},captured
pay_hy85l5ul1vqf5e,merch_zomato,payment,setl_r4tdgo2ytd,U5HMU3RKYRWRADSW,order_9h3ho5qk5ppa,257847,INR,6446,1160,250241,emi,2026-01-09T03:32:00Z,2026-01-11T03:32:00Z,Order order_9h3ho5qk5ppa,{'customer_id': 'cust_0435'},captured
pay_0t8zjewmx01wrr,merch_zomato,payment,setl_r4tdgo2ytd,MVNHEIKFOIP63VVS,order_ahk1k4h1jwte,47715,INR,954,172,46589,card,2026-04-12T22:32:00Z,2026-04-14T22:32:00Z,Order order_ahk1k4h1jwte,{'customer_id': 'cust_0460'},captured
pay_x492vl031p5mnx,merch_urbanco,payment,setl_5mtw5nll5z,B86JYJH5CN5SPCD3,order_mea9ggkmrlbd,18909,INR,0,0,18909,upi,2026-04-07T22:09:00Z,2026-04-09T22:09:00Z,Order order_mea9ggkmrlbd,{'customer_id': 'cust_0424'},captured
pay_pxlbsrwb16zz6a,merch_urbanco,payment,setl_5mtw5nll5z,0T0RFM6K44ULDF7S,order_9joo7gay2v0a,130336,INR,0,0,130336,upi,2026-03-12T04:43:00Z,2026-03-14T04:43:00Z,Order order_9joo7gay2v0a,{'customer_id': 'cust_0118'},captured
pay_eiyja9qrc5njd1,merch_zomato,payment,setl_e10cbloqhs,V5DPJQCL5JKABW8D,order_1dj7f4molcor,566587,INR,10199,1836,554552,netbanking,2026-01-26T12:10:00Z,2026-01-27T12:10:00Z,Order order_1dj7f4molcor,{'customer_id': 'cust_0046'},captured
pay_twd0sl06pc9v1c,merch_zomato,payment,setl_e10cbloqhs,AT94BPGKICOVQWUR,order_h7g61m8opcqj,1153482,INR,0,0,1153482,upi,2026-06-14T02:36:00Z,2026-06-16T02:36:00Z,Order order_h7g61m8opcqj,{'customer_id': 'cust_0152'},captured
pay_29x1mtln113gjh,merch_urbanco,payment,setl_5mtw5nll5z,9B1A7SKYBZD1KCT1,order_4mrof2nsavnr,746801,INR,0,0,746801,upi,2026-06-27T13:34:00Z,2026-06-28T13:34:00Z,Order order_4mrof2nsavnr,{'customer_id': 'cust_0142'},captured
pay_mycc5xnrolgfgt,merch_urbanco,payment,setl_5mtw5nll5z,FB35T2D1VX7TR8FB,order_w69qxzw70uzo,132846,INR,2657,478,129711,card,2026-05-08T09:52:00Z,2026-05-10T09:52:00Z,Order order_w69qxzw70uzo,{'customer_id': 'cust_0446'},captured
pay_a444k8as0d3qur,merch_nykaa,payment,setl_243rncp2mi,1GP23LB2JLOQYPM5,order_g8375vf42427,776309,INR,0,0,776309,upi,2026-01-22T20:27:00Z,2026-01-24T20:27:00Z,Order order_g8375vf42427,{'customer_id': 'cust_0243'},captured
pay_ovth6rlfshqosz,merch_urbanco,payment,setl_5mtw5nll5z,PXNN8J4V7RXVJVZA,order_lqds6oifp476,396373,INR,7927,1427,387019,card,2026-05-09T10:18:00Z,2026-05-10T10:18:00Z,Order order_lqds6oifp476,{'customer_id': 'cust_0416'},captured
pay_uswkiktiut1p2x,merch_apollo,payment,setl_unqlf313b9,TNJ54KRN9UT35MOA,order_llzwcjynqiea,211066,INR,4221,760,206085,card,2026-03-19T16:12:00Z,2026-03-20T16:12:00Z,Order order_llzwcjynqiea,{'customer_id': 'cust_0249'},captured
pay_cdx173u27stijp,merch_bluedart,payment,setl_kow28zjh09,ZC68DE7KEHVOB6VI,order_1yeizog7vk0t,126589,INR,2532,456,123601,card,2026-01-30T12:49:00Z,2026-01-31T12:49:00Z,Order order_1yeizog7vk0t,{'customer_id': 'cust_0111'},captured
pay_od63oarzii4ztt,merch_zomato,payment,setl_e10cbloqhs,JAVNY535J431X9MB,order_ryq5urysbq81,329805,INR,8245,1484,320076,emi,2026-03-19T04:55:00Z,2026-03-21T04:55:00Z,Order order_ryq5urysbq81,{'customer_id': 'cust_0154'},captured
pay_iud1xszysl8oea,merch_lenskart,payment,setl_8msqkv5blg,43DUU019FDKY8CL1,order_axgi7eeckz3b,769791,INR,15396,2771,751624,card,2026-01-23T16:12:00Z,2026-01-25T16:12:00Z,Order order_axgi7eeckz3b,{'customer_id': 'cust_0431'},captured
pay_h10ss4q361ze7s,merch_lenskart,payment,setl_8msqkv5blg,C6VK8YO6BAG1328K,order_fjrcb6nneftk,61356,INR,0,0,61356,upi,2026-04-27T20:07:00Z,2026-04-30T20:07:00Z,Order order_fjrcb6nneftk,{'customer_id': 'cust_0363'},captured
pay_sm75vkqdih3q39,merch_apollo,payment,setl_mbcw6hzs4i,FDBBODVC4QXBJCQW,order_726obrqquatw,52484,INR,1050,189,51245,card,2026-03-10T01:19:00Z,2026-03-12T01:19:00Z,Order order_726obrqquatw,{'customer_id': 'cust_0198'},captured
pay_ml5s9zog94dr37,merch_nykaa,payment,setl_243rncp2mi,K5OII6Z0LH01XKEX,order_u5juab8ilc6p,811652,INR,16233,2922,792497,card,2026-05-25T02:30:00Z,2026-05-27T02:30:00Z,Order order_u5juab8ilc6p,{'customer_id': 'cust_0434'},captured
pay_z8vmypxnz6vhwz,merch_bluedart,payment,setl_kow28zjh09,AL0JQHT5VI8ONYYJ,order_jqsgy9acaypg,2127884,INR,38302,6894,2082688,netbanking,2026-03-26T10:29:00Z,2026-03-28T10:29:00Z,Order order_jqsgy9acaypg,{'customer_id': 'cust_0210'},captured
pay_gxkoforpsc6dpb,merch_bluedart,payment,setl_kow28zjh09,B5ICMCEGASAW9YW7,order_xpfdytljv175,171355,INR,3427,617,167311,card,2026-06-29T20:21:00Z,2026-06-30T20:21:00Z,Order order_xpfdytljv175,{'customer_id': 'cust_0476'},captured
pay_jco4bl4iao6x58,merch_lenskart,payment,setl_8msqkv5blg,12O2FAWSMTETTNRI,order_j4ka495fdytd,33223,INR,0,0,33223,upi,2026-04-03T01:56:00Z,2026-04-10T01:56:00Z,Order order_j4ka495fdytd,{'customer_id': 'cust_0166'},captured
pay_3oyj0qh9eznkn2,merch_zomato,payment,setl_75kjhjwm09,2O60WNKV3H7CQG0O,order_scb02x88jh7e,1537658,INR,30753,5536,1501369,card,2026-02-18T15:50:00Z,2026-02-20T15:50:00Z,Order order_scb02x88jh7e,{'customer_id': 'cust_0458'},captured
pay_5p535le950luwj,merch_apollo,payment,setl_mbcw6hzs4i,VQF1666MHD7RS35I,order_by5ifk7j7ty5,77929,INR,0,0,77929,upi,2026-01-10T05:52:00Z,2026-01-11T05:52:00Z,Order order_by5ifk7j7ty5,{'customer_id': 'cust_0381'},captured
pay_ehnv4q7nrdfo1q,merch_lenskart,payment,setl_8msqkv5blg,VARWISE2Y5Q2CL1D,order_515fad4bc1ep,163885,INR,3278,590,160017,card,2026-06-14T11:01:00Z,2026-06-21T11:01:00Z,Order order_515fad4bc1ep,{'customer_id': 'cust_0178'},captured
pay_sst7oc7kcx3p9t,merch_zomato,payment,setl_75kjhjwm09,8R2WELZYTIDNJ3WK,order_wp75x4azehh2,74847,INR,0,0,74847,upi,2026-04-25T02:12:00Z,2026-04-27T02:12:00Z,Order order_wp75x4azehh2,{'customer_id': 'cust_0418'},captured
pay_ii9vzdruuhivca,merch_bluedart,payment,setl_asrvbb1v54,TP2G4BY5UV7V5OIH,order_ils7lnhrygua,41168,INR,0,0,41168,upi,2026-02-28T06:26:00Z,2026-03-02T06:26:00Z,Order order_ils7lnhrygua,{'customer_id': 'cust_0023'},captured
pay_pukc8ye6zul3nw,merch_nykaa,payment,setl_m2tthrsgdc,X0EHPS21R6RDYGVF,order_xj7jwbhqi74x,84229,INR,1516,273,82440,netbanking,2026-06-08T21:39:00Z,2026-06-10T21:39:00Z,Order order_xj7jwbhqi74x,{'customer_id': 'cust_0315'},captured
pay_kfau5gubm0uo9c,merch_bluedart,payment,setl_asrvbb1v54,IDQ04P5RWUOE1VCT,order_e8tn2hjgwe5v,1404886,INR,25288,4552,1375046,netbanking,2026-03-13T04:45:00Z,2026-03-14T04:45:00Z,Order order_e8tn2hjgwe5v,{'customer_id': 'cust_0345'},captured
pay_2bzautjqhyblik,merch_lenskart,payment,setl_71kpqc8qbh,VOWFNAX4FV8GB2IQ,order_tofiisza236c,126177,INR,2524,454,123199,card,2026-04-20T19:14:00Z,2026-04-21T19:14:00Z,Order order_tofiisza236c,{'customer_id': 'cust_0370'},captured
pay_sqjs0jzq15plp4,merch_apollo,payment,setl_mbcw6hzs4i,R8W1BO6HB9XIVIOV,order_9jrq8lqm49n4,269583,INR,4852,873,263858,netbanking,2026-01-29T23:11:00Z,2026-01-31T23:11:00Z,Order order_9jrq8lqm49n4,{'customer_id': 'cust_0056'},captured
pay_e1mi3prn6hw9oz,merch_urbanco,payment,setl_5gosdl9wco,45UU7NMCRVF7UIA4,order_bt9lqff2399h,291424,INR,5246,944,285234,netbanking,2026-01-13T14:43:00Z,2026-01-16T14:43:00Z,Order order_bt9lqff2399h,{'customer_id': 'cust_0052'},captured
pay_hmzld674e3yd95,merch_lenskart,payment,setl_71kpqc8qbh,19XFD69RK9W603SI,order_b6r6sq8m5td6,318823,INR,6376,1148,311299,card,2026-03-10T16:06:00Z,2026-03-12T16:06:00Z,Order order_b6r6sq8m5td6,{'customer_id': 'cust_0075'},captured
pay_fxen1rmg4c1uhg,merch_urbanco,payment,setl_5gosdl9wco,0E98XWYU3BR13M83,order_f8v80b8b79fs,822352,INR,16447,2960,802945,card,2026-04-02T11:06:00Z,2026-04-05T11:06:00Z,Order order_f8v80b8b79fs,{'customer_id': 'cust_0365'},captured
pay_elzec8rn207bx4,merch_nykaa,payment,setl_m2tthrsgdc,T4CIQZ2O1OMP497V,order_wjyeojl3f33o,1555733,INR,0,0,1555733,upi,2026-06-29T02:51:00Z,2026-07-01T02:51:00Z,Order order_wjyeojl3f33o,{'customer_id': 'cust_0053'},captured
pay_kvjrk5yirnod7p,merch_nykaa,payment,setl_m2tthrsgdc,V8REM8XZ8W0XAD6J,order_1dbzzwgyuzj6,61985,INR,1550,279,60156,emi,2026-05-31T03:16:00Z,2026-06-02T03:16:00Z,Order order_1dbzzwgyuzj6,{'customer_id': 'cust_0333'},captured
pay_p4tgehmaas6x0m,merch_nykaa,payment,setl_m2tthrsgdc,Q81MQFEPG3SQ9YAS,order_kgv33qzxvf08,186089,INR,0,0,186089,upi,2026-06-23T07:33:00Z,2026-06-24T07:33:00Z,Order order_kgv33qzxvf08,{'customer_id': 'cust_0084'},captured
pay_ml9petdfy3o6vu,merch_apollo,payment,setl_ueqo5pt7sr,KM1TP7G0GWRWT7R3,order_w2idy530pd60,501282,INR,0,0,501282,upi,2026-06-16T06:10:00Z,2026-06-18T06:10:00Z,Order order_w2idy530pd60,{'customer_id': 'cust_0463'},captured
pay_bendbs7waee7qv,merch_zomato,payment,setl_e0umosjkft,I8FEM96KP39DAJVJ,order_7q8qz4tljz5i,83601,INR,0,0,83601,upi,2026-01-21T06:53:00Z,2026-01-22T06:53:00Z,Order order_7q8qz4tljz5i,{'customer_id': 'cust_0317'},captured
pay_s5hpued397fs27,merch_apollo,payment,setl_ueqo5pt7sr,FG5YX7NSRN5N396W,order_xdavg0c7riuh,564029,INR,0,0,564029,upi,2026-06-01T09:55:00Z,2026-06-03T09:55:00Z,Order order_xdavg0c7riuh,{'customer_id': 'cust_0190'},captured
pay_b38tpfsslmnsje,merch_zomato,payment,setl_3n275o118r,B8EZPA5YUCTLFT8U,order_6coos55pamcl,342053,INR,6841,1231,333981,card,2026-04-28T16:52:00Z,2026-04-30T16:52:00Z,Order order_6coos55pamcl,{'customer_id': 'cust_0095'},captured
pay_opt90phtj0ln1e,merch_zomato,payment,setl_3n275o118r,WS48EUBZUFNVPXMR,order_uk07q0knv2hu,90274,INR,1625,292,88357,wallet,2026-02-16T22:04:00Z,2026-02-19T22:04:00Z,Order order_uk07q0knv2hu,{'customer_id': 'cust_0285'},captured
pay_dzowa8ptbflq64,merch_bluedart,payment,setl_asrvbb1v54,9FMLD4YGIJO2JWXC,order_icq6ivko8szy,410779,INR,0,0,410779,upi,2026-01-24T07:22:00Z,2026-01-26T07:22:00Z,Order order_icq6ivko8szy,{'customer_id': 'cust_0207'},captured
pay_jqio98m2sgtra5,merch_urbanco,payment,setl_g44bhb9q3r,3S48NUK76T4GI1CI,order_zfydke04pwgs,167744,INR,4194,755,162795,emi,2026-02-03T13:29:00Z,2026-02-10T13:29:00Z,Order order_zfydke04pwgs,{'customer_id': 'cust_0003'},captured
