ledger_id,order_id,invoice_number,customer_id,amount_paise,currency,transaction_type,created_at,payment_status,payment_gateway_id,notes
led_000021,order_000021,INV-2026-000021,cust_0302,138832,INR,sale,2026-01-31T08:27:00Z,paid,pay_000021,Razorpay pay_000021
led_000022,order_000022,INV-2026-000022,cust_0441,217195,INR,sale,2026-06-11T02:00:00Z,paid,pay_000022,Razorpay pay_000022
led_000031,order_000031,INV-2026-000031,cust_0436,30796,INR,sale,2026-05-16T05:22:00Z,paid,pay_000031,Razorpay pay_000031
led_000037,order_000037,INV-2026-000037,cust_0060,392792,INR,sale,2026-06-19T03:32:00Z,paid,pay_000037,Razorpay pay_000037
led_000047,order_000047,INV-2026-000047,cust_0161,660985,INR,sale,2026-01-28T20:21:00Z,paid,pay_000047,Razorpay pay_000047
led_000049,order_000049,INV-2026-000049,cust_0064,60383,INR,sale,2026-06-20T11:16:00Z,paid,pay_000049,Razorpay pay_000049
led_000050,,INV-2026-000050,cust_0066,99712,INR,sale,2026-04-15T11:08:00Z,paid,,Razorpay pay_000050
led_000052,order_000052,INV-2026-000052,cust_0227,83761,INR,sale,2026-05-29T20:42:00Z,paid,pay_000052,Razorpay pay_000052
led_000064,order_000064,INV-2026-000064,cust_0140,93424,INR,sale,2026-05-20T20:35:00Z,paid,pay_000064,Razorpay pay_000064
led_000069,order_000069,INV-2026-000069,cust_0103,74779,INR,sale,2026-06-16T01:22:00Z,paid,pay_000069,Razorpay pay_000069
led_000076,order_000076,INV-2026-000076,cust_0304,15327,INR,sale,2026-05-18T16:30:00Z,paid,pay_000076,Razorpay pay_000076
led_000085,order_000085,INV-2026-000085,cust_0447,259938,INR,sale,2026-02-02T21:46:00Z,paid,pay_000085,Razorpay pay_000085
led_000090,order_000090,INV-2026-000090,cust_0081,256928,INR,sale,2026-01-21T05:21:00Z,paid,pay_000090,Razorpay pay_000090
led_000109,order_000109,INV-2026-000109,cust_0303,90024,INR,sale,2026-06-16T05:11:00Z,paid,pay_000109,Razorpay pay_000109
led_000110,order_000110,INV-2026-000110,cust_0346,50070,INR,sale,2026-04-12T22:10:00Z,paid,pay_000110,Razorpay pay_000110
led_000114,order_000114,INV-2026-000114,cust_0468,81368,INR,sale,2026-06-06T13:03:00Z,paid,pay_000114,Razorpay pay_000114
led_000118,order_000118,INV-2026-000118,cust_0499,556646,INR,sale,2026-01-03T19:19:00Z,paid,pay_000118,Razorpay pay_000118
led_000136,order_000136,INV-2026-000136,cust_0304,150481,INR,sale,2026-01-17T16:15:00Z,paid,pay_000136,Razorpay pay_000136
led_000139,order_000139,INV-2026-000139,cust_0151,51169,INR,sale,2026-05-21T11:05:00Z,paid,pay_000139,Razorpay pay_000139
led_000145,order_000145,INV-2026-000145,cust_0391,45821,INR,sale,2026-01-28T11:57:00Z,paid,pay_000145,Razorpay pay_000145
led_000152,order_000152,INV-2026-000152,cust_0029,271159,INR,sale,2026-03-20T01:33:00Z,paid,pay_000152,Razorpay pay_000152
led_000153,order_000153,INV-2026-000153,cust_0255,107676,INR,sale,2026-02-05T08:43:00Z,paid,pay_000153,Razorpay pay_000153
led_000164,order_000164,INV-2026-000164,cust_0459,292283,INR,sale,2026-04-29T19:48:00Z,paid,pay_000164,Razorpay pay_000164
led_000175,order_000175,INV-2026-000175,cust_0415,153971,INR,sale,2026-04-25T07:59:00Z,paid,pay_000175,Razorpay pay_000175
led_000177,order_000177,INV-2026-000177,cust_0129,182674,INR,sale,2026-02-11T06:48:00Z,paid,pay_000177,Razorpay pay_000177
led_000179,order_000179,INV-2026-000179,cust_0231,145914,INR,sale,2026-04-22T03:07:00Z,paid,pay_000179,Razorpay pay_000179
led_000182,order_000182,INV-2026-000182,cust_0281,14471,INR,sale,2026-04-25T21:00:00Z,paid,pay_000182,Razorpay pay_000182
led_000187,order_000187,INV-2026-000187,cust_0171,54656,INR,sale,2026-06-10T03:32:00Z,paid,pay_000187,Razorpay pay_000187
led_000188,order_000188,INV-2026-000188,cust_0357,114174,INR,sale,2026-06-14T05:58:00Z,paid,pay_000188,Razorpay pay_000188
led_000206,order_000206,INV-2026-000206,cust_0495,156284,INR,sale,2026-02-02T18:49:00Z,paid,pay_000206,Razorpay pay_000206
led_000207,order_000207,INV-2026-000207,cust_0166,189076,INR,sale,2026-02-01T17:41:00Z,paid,pay_000207,Razorpay pay_000207
led_000208,order_000208,INV-2026-000208,cust_0141,190900,INR,sale,2026-01-21T08:33:00Z,paid,pay_000208,Razorpay pay_000208
led_000216,order_000216,INV-2026-000216,cust_0264,63802,INR,sale,2026-05-28T10:40:00Z,paid,pay_000216,Razorpay pay_000216
led_000223,order_000223,INV-2026-000223,cust_0261,97710,INR,sale,2026-06-07T10:12:00Z,paid,pay_000223,Razorpay pay_000223
led_000245,order_000245,INV-2026-000245,cust_0032,41517,INR,sale,2026-01-03T08:55:00Z,paid,pay_000245,Razorpay pay_000245
led_000246,order_000246,INV-2026-000246,cust_0395,166107,INR,sale,2026-06-25T17:09:00Z,paid,pay_000246,Razorpay pay_000246
led_000258,order_000258,INV-2026-000258,cust_0025,92244,INR,sale,2026-01-09T15:14:00Z,paid,pay_000258,Razorpay pay_000258
led_000262,order_000262,INV-2026-000262,cust_0025,368741,INR,sale,2026-02-14T21:22:00Z,paid,pay_000262,Razorpay pay_000262
led_000274,order_000274,INV-2026-000274,cust_0484,230347,INR,sale,2026-01-16T17:53:00Z,paid,pay_000274,Razorpay pay_000274
led_000275,order_000275,INV-2026-000275,cust_0192,23965,INR,sale,2026-01-18T05:09:00Z,paid,pay_000275,Razorpay pay_000275
led_000281,order_000281,INV-2026-000281,cust_0289,171488,INR,sale,2026-01-20T23:21:00Z,paid,pay_000281,Razorpay pay_000281
led_000287,order_000287,INV-2026-000287,cust_0390,126720,INR,sale,2026-01-24T00:10:00Z,paid,pay_000287,Razorpay pay_000287
led_000290,order_000290,INV-2026-000290,cust_0033,60280,INR,sale,2026-02-05T09:10:00Z,paid,pay_000290,Razorpay pay_000290
led_000298,order_000298,INV-2026-000298,cust_0405,180098,INR,sale,2026-03-03T08:37:00Z,paid,pay_000298,Razorpay pay_000298
led_000299,order_000299,INV-2026-000299,cust_0446,139299,INR,sale,2026-05-30T13:40:00Z,paid,pay_000299,Razorpay pay_000299
led_000305,order_000305,INV-2026-000305,cust_0267,2264208,INR,sale,2026-03-31T10:38:00Z,paid,pay_000305,Razorpay pay_000305
led_000306,order_000306,INV-2026-000306,cust_0415,165682,INR,sale,2026-06-28T15:26:00Z,paid,pay_000306,Razorpay pay_000306
led_000328,order_000328,INV-2026-000328,cust_0033,1493504,INR,sale,2026-04-28T21:40:00Z,paid,pay_000328,Razorpay pay_000328
led_000337,order_000337,INV-2026-000337,cust_0112,619312,INR,sale,2026-02-08T14:03:00Z,paid,pay_000337,Razorpay pay_000337
led_000342,order_000342,INV-2026-000342,cust_0489,1010637,INR,sale,2026-04-04T18:38:00Z,paid,pay_000342,Razorpay pay_000342
led_000345,order_000345,INV-2026-000345,cust_0414,251654,INR,sale,2026-03-21T02:41:00Z,paid,pay_000345,Razorpay pay_000345
led_000349,order_000349,INV-2026-000349,cust_0033,311417,INR,sale,2026-01-08T11:26:00Z,paid,pay_000349,Razorpay pay_000349
led_000354,order_000354,INV-2026-000354,cust_0412,45236,INR,sale,2026-05-09T22:58:00Z,paid,pay_000354,Razorpay pay_000354
led_000359,order_000359,INV-2026-000359,cust_0365,109820,INR,sale,2026-03-02T14:19:00Z,paid,pay_000359,Razorpay pay_000359
led_000362,order_000362,INV-2026-000362,cust_0163,61813,INR,sale,2026-03-22T13:24:00Z,paid,pay_000362,Razorpay pay_000362
led_000368,order_000368,INV-2026-000368,cust_0331,1547643,INR,sale,2026-01-20T00:44:00Z,paid,pay_000368,Razorpay pay_000368
led_000370,order_000370,INV-2026-000370,cust_0096,144703,INR,sale,2026-06-24T14:33:00Z,paid,pay_000370,Razorpay pay_000370
led_000374,order_000374,INV-2026-000374,cust_0459,182266,INR,sale,2026-02-16T00:53:00Z,paid,pay_000374,Razorpay pay_000374
led_000377,order_000377,INV-2026-000377,cust_0089,1587694,INR,sale,2026-04-10T12:06:00Z,paid,pay_000377,Razorpay pay_000377
led_000381,order_000381,INV-2026-000381,cust_0486,142355,INR,sale,2026-03-19T11:00:00Z,paid,pay_000381,Razorpay pay_000381
led_000389,order_000389,INV-2026-000389,cust_0151,488268,INR,sale,2026-02-11T15:24:00Z,paid,pay_000389,Razorpay pay_000389
led_000391,,INV-2026-000391,cust_0311,298402,INR,sale,2026-05-04T01:03:00Z,paid,,Razorpay pay_000391
led_000399,,INV-2026-000399,cust_0258,810430,INR,sale,2026-01-21T13:28:00Z,paid,,Razorpay pay_000399
led_000416,order_000416,INV-2026-000416,cust_0312,170027,INR,sale,2026-02-14T20:31:00Z,paid,pay_000416,Razorpay pay_000416
led_000417,order_000417,INV-2026-000417,cust_0155,301087,INR,sale,2026-04-07T11:54:00Z,paid,pay_000417,Razorpay pay_000417
led_000419,order_000419,INV-2026-000419,cust_0173,246869,INR,sale,2026-03-14T10:11:00Z,paid,pay_000419,Razorpay pay_000419
led_000423,order_000423,INV-2026-000423,cust_0344,329362,INR,sale,2026-05-17T21:47:00Z,paid,pay_000423,Razorpay pay_000423
led_000430,order_000430,INV-2026-000430,cust_0067,345212,INR,sale,2026-02-10T16:42:00Z,paid,pay_000430,Razorpay pay_000430
led_000435,order_000435,INV-2026-000435,cust_0416,6783,INR,sale,2026-04-02T06:25:00Z,paid,pay_000435,Razorpay pay_000435
led_000438,order_000438,INV-2026-000438,cust_0106,43555,INR,sale,2026-02-01T18:40:00Z,paid,pay_000438,Razorpay pay_000438
led_000440,order_000440,INV-2026-000440,cust_0055,34780,INR,sale,2026-05-11T21:05:00Z,paid,pay_000440,Razorpay pay_000440
led_000445,order_000445,INV-2026-000445,cust_0138,21920,INR,sale,2026-03-26T12:12:00Z,paid,pay_000445,Razorpay pay_000445
led_000447,order_000447,INV-2026-000447,cust_0082,817460,INR,sale,2026-01-29T04:31:00Z,paid,pay_000447,Razorpay pay_000447
led_000450,order_000450,INV-2026-000450,cust_0174,220676,INR,sale,2026-05-25T07:38:00Z,paid,pay_000450,Razorpay pay_000450
led_000451,order_000451,INV-2026-000451,cust_0340,498947,INR,sale,2026-04-21T22:35:00Z,paid,pay_000451,Razorpay pay_000451
led_000466,order_000466,INV-2026-000466,cust_0494,697847,INR,sale,2026-06-05T23:38:00Z,paid,pay_000466,Razorpay pay_000466
led_000479,order_000479,INV-2026-000479,cust_0397,59652,INR,sale,2026-01-11T05:14:00Z,paid,pay_000479,Razorpay pay_000479
led_000484,order_000484,INV-2026-000484,cust_0395,803581,INR,sale,2026-05-19T09:39:00Z,paid,pay_000484,Razorpay pay_000484
led_000485,order_000485,INV-2026-000485,cust_0264,556554,INR,sale,2026-01-12T10:07:00Z,paid,pay_000485,Razorpay pay_000485
led_000488,order_000488,INV-2026-000488,cust_0286,48391,INR,sale,2026-03-26T01:17:00Z,paid,pay_000488,Razorpay pay_000488
led_000503,order_000503,INV-2026-000503,cust_0277,365466,INR,sale,2026-02-24T01:15:00Z,paid,pay_000503,Razorpay pay_000503
led_000513,order_000513,INV-2026-000513,cust_0059,569521,INR,sale,2026-06-19T07:51:00Z,paid,pay_000513,Razorpay pay_000513
led_000521,order_000521,INV-2026-000521,cust_0411,141738,INR,sale,2026-01-12T23:48:00Z,paid,pay_000521,Razorpay pay_000521
led_000526,order_000526,INV-2026-000526,cust_0130,79140,INR,sale,2026-05-04T06:06:00Z,paid,pay_000526,Razorpay pay_000526
led_000531,order_000531,INV-2026-000531,cust_0412,1130146,INR,sale,2026-04-23T00:21:00Z,paid,pay_000531,Razorpay pay_000531
led_000534,order_000534,INV-2026-000534,cust_0142,1228204,INR,sale,2026-05-24T19:53:00Z,paid,pay_000534,Razorpay pay_000534
led_000540,order_000540,INV-2026-000540,cust_0485,986373,INR,sale,2026-04-01T07:27:00Z,paid,pay_000540,Razorpay pay_000540
led_000543,order_000543,INV-2026-000543,cust_0295,564964,INR,sale,2026-03-22T16:48:00Z,paid,pay_000543,Razorpay pay_000543
led_000555,order_000555,INV-2026-000555,cust_0324,362525,INR,sale,2026-04-25T02:40:00Z,paid,pay_000555,Razorpay pay_000555
led_000559,order_000559,INV-2026-000559,cust_0281,283308,INR,sale,2026-02-12T13:33:00Z,paid,pay_000559,Razorpay pay_000559
led_000565,order_000565,INV-2026-000565,cust_0001,556292,INR,sale,2026-04-04T14:04:00Z,paid,pay_000565,Razorpay pay_000565
led_000573,order_000573,INV-2026-000573,cust_0410,94611,INR,sale,2026-05-07T07:24:00Z,paid,pay_000573,Razorpay pay_000573
led_000582,order_000582,INV-2026-000582,cust_0413,37311,INR,sale,2026-03-23T19:03:00Z,paid,pay_000582,Razorpay pay_000582
led_000587,order_000587,INV-2026-000587,cust_0098,381410,INR,sale,2026-01-17T22:28:00Z,paid,pay_000587,Razorpay pay_000587
led_000606,order_000606,INV-2026-000606,cust_0222,396493,INR,sale,2026-04-25T20:18:00Z,paid,pay_000606,Razorpay pay_000606
led_000610,order_000610,INV-2026-000610,cust_0395,136610,INR,sale,2026-02-18T10:56:00Z,paid,pay_000610,Razorpay pay_000610
led_000614,order_000614,INV-2026-000614,cust_0193,566614,INR,sale,2026-06-09T04:49:00Z,paid,pay_000614,Razorpay pay_000614
led_000620,order_000620,INV-2026-000620,cust_0016,110556,INR,sale,2026-03-07T13:12:00Z,paid,pay_000620,Razorpay pay_000620
led_000624,order_000624,INV-2026-000624,cust_0466,88799,INR,sale,2026-06-26T17:52:00Z,paid,pay_000624,Razorpay pay_000624
led_000628,order_000628,INV-2026-000628,cust_0437,351664,INR,sale,2026-06-04T16:00:00Z,paid,pay_000628,Razorpay pay_000628
led_000643,order_000643,INV-2026-000643,cust_0322,133935,INR,sale,2026-01-02T08:21:00Z,paid,pay_000643,Razorpay pay_000643
led_000656,order_000656,INV-2026-000656,cust_0322,65286,INR,sale,2026-05-02T01:12:00Z,paid,pay_000656,Razorpay pay_000656
led_000672,order_000672,INV-2026-000672,cust_0404,2864522,INR,sale,2026-04-11T06:15:00Z,paid,pay_000672,Razorpay pay_000672
led_000677,order_000677,INV-2026-000677,cust_0365,62511,INR,sale,2026-02-14T22:37:00Z,paid,pay_000677,Razorpay pay_000677
led_000703,order_000703,INV-2026-000703,cust_0350,149679,INR,sale,2026-04-25T13:02:00Z,paid,pay_000703,Razorpay pay_000703
led_000706,order_000706,INV-2026-000706,cust_0161,844937,INR,sale,2026-05-14T11:31:00Z,paid,pay_000706,Razorpay pay_000706
led_000708,order_000708,INV-2026-000708,cust_0458,336050,INR,sale,2026-01-09T00:48:00Z,paid,pay_000708,Razorpay pay_000708
led_000711,order_000711,INV-2026-000711,cust_0142,1095617,INR,sale,2026-06-20T11:02:00Z,paid,pay_000711,Razorpay pay_000711
led_000713,order_000713,INV-2026-000713,cust_0315,96926,INR,sale,2026-01-28T04:54:00Z,paid,pay_000713,Razorpay pay_000713
led_000718,order_000718,INV-2026-000718,cust_0175,117659,INR,sale,2026-06-15T03:05:00Z,paid,pay_000718,Razorpay pay_000718
led_000722,order_000722,INV-2026-000722,cust_0342,109710,INR,sale,2026-01-11T13:50:00Z,paid,pay_000722,Razorpay pay_000722
led_000724,order_000724,INV-2026-000724,cust_0464,1626001,INR,sale,2026-03-04T23:56:00Z,paid,pay_000724,Razorpay pay_000724
led_000731,order_000731,INV-2026-000731,cust_0256,9701,INR,sale,2026-06-06T23:36:00Z,paid,pay_000731,Razorpay pay_000731
led_000732,order_000732,INV-2026-000732,cust_0049,89413,INR,sale,2026-05-23T08:02:00Z,paid,pay_000732,Razorpay pay_000732
led_000736,order_000736,INV-2026-000736,cust_0102,174622,INR,sale,2026-03-02T15:10:00Z,paid,pay_000736,Razorpay pay_000736
led_000755,order_000755,INV-2026-000755,cust_0241,41888,INR,sale,2026-04-26T16:35:00Z,paid,pay_000755,Razorpay pay_000755
led_000757,order_000757,INV-2026-000757,cust_0076,44840,INR,sale,2026-02-15T09:50:00Z,paid,pay_000757,Razorpay pay_000757
led_000773,order_000773,INV-2026-000773,cust_0469,195544,INR,sale,2026-06-01T12:49:00Z,paid,pay_000773,Razorpay pay_000773
led_000798,order_000798,INV-2026-000798,cust_0062,539590,INR,sale,2026-04-12T14:57:00Z,paid,pay_000798,Razorpay pay_000798
led_000799,order_000799,INV-2026-000799,cust_0174,109701,INR,sale,2026-01-27T05:45:00Z,paid,pay_000799,Razorpay pay_000799
led_000803,order_000803,INV-2026-000803,cust_0040,85135,INR,sale,2026-02-09T10:20:00Z,paid,pay_000803,Razorpay pay_000803
led_000807,order_000807,INV-2026-000807,cust_0250,45514,INR,sale,2026-05-06T14:42:00Z,paid,pay_000807,Razorpay pay_000807
led_000814,order_000814,INV-2026-000814,cust_0258,394059,INR,sale,2026-01-26T23:34:00Z,paid,pay_000814,Razorpay pay_000814
led_000825,order_000825,INV-2026-000825,cust_0143,514856,INR,sale,2026-03-11T04:39:00Z,paid,pay_000825,Razorpay pay_000825
led_000826,order_000826,INV-2026-000826,cust_0309,1157904,INR,sale,2026-01-06T01:53:00Z,paid,pay_000826,Razorpay pay_000826
led_000827,order_000827,INV-2026-000827,cust_0072,2175913,INR,sale,2026-01-24T13:32:00Z,paid,pay_000827,Razorpay pay_000827
led_000851,order_000851,INV-2026-000851,cust_0287,183555,INR,sale,2026-04-12T22:54:00Z,paid,pay_000851,Razorpay pay_000851
led_000852,order_000852,INV-2026-000852,cust_0163,81638,INR,sale,2026-05-07T11:34:00Z,paid,pay_000852,Razorpay pay_000852
led_000859,order_000859,INV-2026-000859,cust_0349,63829,INR,sale,2026-01-25T11:13:00Z,paid,pay_000859,Razorpay pay_000859
led_000862,order_000862,INV-2026-000862,cust_0166,715082,INR,sale,2026-05-26T04:24:00Z,paid,pay_000862,Razorpay pay_000862
led_000871,order_000871,INV-2026-000871,cust_0202,182257,INR,sale,2026-06-19T15:47:00Z,paid,pay_000871,Razorpay pay_000871
led_000877,order_000877,INV-2026-000877,cust_0321,460374,INR,sale,2026-06-16T04:57:00Z,paid,pay_000877,Razorpay pay_000877
led_000879,order_000879,INV-2026-000879,cust_0425,175215,INR,sale,2026-04-26T19:58:00Z,paid,pay_000879,Razorpay pay_000879
led_000883,order_000883,INV-2026-000883,cust_0230,2839310,INR,sale,2026-01-30T16:53:00Z,paid,pay_000883,Razorpay pay_000883
led_000906,order_000906,INV-2026-000906,cust_0064,131098,INR,sale,2026-01-16T12:43:00Z,paid,pay_000906,Razorpay pay_000906
led_000909,order_000909,INV-2026-000909,cust_0265,697635,INR,sale,2026-04-07T17:44:00Z,paid,pay_000909,Razorpay pay_000909
led_000910,order_000910,INV-2026-000910,cust_0042,511801,INR,sale,2026-01-26T05:00:00Z,paid,pay_000910,Razorpay pay_000910
led_000913,order_000913,INV-2026-000913,cust_0496,147395,INR,sale,2026-05-10T04:20:00Z,paid,pay_000913,Razorpay pay_000913
led_000927,order_000927,INV-2026-000927,cust_0164,267233,INR,sale,2026-03-25T06:11:00Z,paid,pay_000927,Razorpay pay_000927
led_000938,order_000938,INV-2026-000938,cust_0361,110735,INR,sale,2026-06-22T05:55:00Z,paid,pay_000938,Razorpay pay_000938
led_000942,order_000942,INV-2026-000942,cust_0120,131076,INR,sale,2026-06-07T21:20:00Z,paid,pay_000942,Razorpay pay_000942
led_000943,order_000943,INV-2026-000943,cust_0327,172017,INR,sale,2026-06-05T07:08:00Z,paid,pay_000943,Razorpay pay_000943
led_000944,order_000944,INV-2026-000944,cust_0290,1058603,INR,sale,2026-05-07T05:49:00Z,paid,pay_000944,Razorpay pay_000944
led_000946,order_000946,INV-2026-000946,cust_0348,55878,INR,sale,2026-03-12T06:32:00Z,paid,pay_000946,Razorpay pay_000946
led_000947,order_000947,INV-2026-000947,cust_0483,56888,INR,sale,2026-04-27T00:04:00Z,paid,pay_000947,Razorpay pay_000947
led_000951,order_000951,INV-2026-000951,cust_0243,857313,INR,sale,2026-06-10T11:24:00Z,paid,pay_000951,Razorpay pay_000951
led_000952,order_000952,INV-2026-000952,cust_0398,127844,INR,sale,2026-03-27T17:44:00Z,paid,pay_000952,Razorpay pay_000952
led_000968,order_000968,INV-2026-000968,cust_0284,76112,INR,sale,2026-02-26T08:56:00Z,paid,pay_000968,Razorpay pay_000968
led_000971,order_000971,INV-2026-000971,cust_0326,383164,INR,sale,2026-04-07T23:42:00Z,paid,pay_000971,Razorpay pay_000971
led_000974,order_000974,INV-2026-000974,cust_0165,776685,INR,sale,2026-05-11T12:46:00Z,paid,pay_000974,Razorpay pay_000974
